{
  "Directors by name" : {
    "transaction" : "Directors by name",
    "sampleCount" : 5146,
    "errorCount" : 0,
    "errorPct" : 0.0,
    "meanResTime" : 4250.71842207539,
    "medianResTime" : 4107.0,
    "minResTime" : 1071.0,
    "maxResTime" : 12667.0,
    "pct1ResTime" : 6719.0,
    "pct2ResTime" : 6757.0,
    "pct3ResTime" : 6780.0,
    "throughput" : 0.9162080878420291,
    "receivedKBytesPerSec" : 1.0394823624045424,
    "sentKBytesPerSec" : 0.14339675869578689
  },
  "Total" : {
    "transaction" : "Total",
    "sampleCount" : 46333,
    "errorCount" : 1115,
    "errorPct" : 2.4064922,
    "meanResTime" : 1673.4132691602051,
    "medianResTime" : 340.0,
    "minResTime" : 0.0,
    "maxResTime" : 71489.0,
    "pct1ResTime" : 6238.0,
    "pct2ResTime" : 6755.0,
    "pct3ResTime" : 39530.96000000001,
    "throughput" : 7.363317826816061,
    "receivedKBytesPerSec" : 46.714968204292774,
    "sentKBytesPerSec" : 1.239623339794956
  },
  "TitleBasics by primary_title" : {
    "transaction" : "TitleBasics by primary_title",
    "sampleCount" : 8772,
    "errorCount" : 25,
    "errorPct" : 0.28499773,
    "meanResTime" : 2308.613543091659,
    "medianResTime" : 1490.0,
    "minResTime" : 0.0,
    "maxResTime" : 22945.0,
    "pct1ResTime" : 6002.4,
    "pct2ResTime" : 6837.050000000001,
    "pct3ResTime" : 7827.890000000003,
    "throughput" : 1.9615301276671675,
    "receivedKBytesPerSec" : 10.340980992380063,
    "sentKBytesPerSec" : 0.3226702088447075
  },
  "Actors by name" : {
    "transaction" : "Actors by name",
    "sampleCount" : 965,
    "errorCount" : 0,
    "errorPct" : 0.0,
    "meanResTime" : 25545.88186528494,
    "medianResTime" : 23048.0,
    "minResTime" : 5350.0,
    "maxResTime" : 71489.0,
    "pct1ResTime" : 44240.4,
    "pct2ResTime" : 44461.0,
    "pct3ResTime" : 47392.12000000001,
    "throughput" : 0.15569274802540453,
    "receivedKBytesPerSec" : 0.20794016250733088,
    "sentKBytesPerSec" : 0.023755843267821375
  },
  "TitleBasics by params" : {
    "transaction" : "TitleBasics by params",
    "sampleCount" : 31450,
    "errorCount" : 1090,
    "errorPct" : 3.4658186,
    "meanResTime" : 342.0389825119253,
    "medianResTime" : 232.0,
    "minResTime" : 0.0,
    "maxResTime" : 6249.0,
    "pct1ResTime" : 643.0,
    "pct2ResTime" : 1720.9000000000015,
    "pct3ResTime" : 4086.970000000005,
    "throughput" : 6.236732071378357,
    "receivedKBytesPerSec" : 47.70799709059919,
    "sentKBytesPerSec" : 1.0717622892252274
  }
}