{
  "Directors by name" : {
    "transaction" : "Directors by name",
    "sampleCount" : 46560,
    "errorCount" : 0,
    "errorPct" : 0.0,
    "meanResTime" : 65.86499140893433,
    "medianResTime" : 23.0,
    "minResTime" : 3.0,
    "maxResTime" : 692.0,
    "pct1ResTime" : 189.0,
    "pct2ResTime" : 232.0,
    "pct3ResTime" : 295.0,
    "throughput" : 77.75408267383197,
    "receivedKBytesPerSec" : 91.31252977254091,
    "sentKBytesPerSec" : 11.989548676982386
  },
  "Total" : {
    "transaction" : "Total",
    "sampleCount" : 150664,
    "errorCount" : 0,
    "errorPct" : 0.0,
    "meanResTime" : 367.85016991451164,
    "medianResTime" : 23.0,
    "minResTime" : 3.0,
    "maxResTime" : 16840.0,
    "pct1ResTime" : 189.0,
    "pct2ResTime" : 232.0,
    "pct3ResTime" : 295.0,
    "throughput" : 62.682486231104434,
    "receivedKBytesPerSec" : 178.96900637586296,
    "sentKBytesPerSec" : 9.925190347466472
  },
  "TitleBasics by primary_title" : {
    "transaction" : "TitleBasics by primary_title",
    "sampleCount" : 37743,
    "errorCount" : 0,
    "errorPct" : 0.0,
    "meanResTime" : 367.68227220942003,
    "medianResTime" : 233.0,
    "minResTime" : 4.0,
    "maxResTime" : 6116.0,
    "pct1ResTime" : 1561.9000000000015,
    "pct2ResTime" : 2069.9500000000007,
    "pct3ResTime" : 2504.0,
    "throughput" : 62.77714388362368,
    "receivedKBytesPerSec" : 264.538704933972,
    "sentKBytesPerSec" : 10.192049809076348
  },
  "Actors by name" : {
    "transaction" : "Actors by name",
    "sampleCount" : 46099,
    "errorCount" : 0,
    "errorPct" : 0.0,
    "meanResTime" : 78.52508731208893,
    "medianResTime" : 55.0,
    "minResTime" : 3.0,
    "maxResTime" : 888.0,
    "pct1ResTime" : 239.0,
    "pct2ResTime" : 278.9500000000007,
    "pct3ResTime" : 334.0,
    "throughput" : 76.99566743831026,
    "receivedKBytesPerSec" : 101.50060383825883,
    "sentKBytesPerSec" : 11.64668080250517
  },
  "TitleBasics by params" : {
    "transaction" : "TitleBasics by params",
    "sampleCount" : 20262,
    "errorCount" : 0,
    "errorPct" : 0.0,
    "meanResTime" : 1720.3506070476603,
    "medianResTime" : 2108.5,
    "minResTime" : 5.0,
    "maxResTime" : 16840.0,
    "pct1ResTime" : 2754.0,
    "pct2ResTime" : 3042.9500000000007,
    "pct3ResTime" : 3954.0,
    "throughput" : 33.69850300944829,
    "receivedKBytesPerSec" : 258.9088425463558,
    "sentKBytesPerSec" : 5.9473231689265935
  }
}