{
  "Directors by name" : {
    "transaction" : "Directors by name",
    "sampleCount" : 1350,
    "errorCount" : 0,
    "errorPct" : 0.0,
    "meanResTime" : 5427.340000000004,
    "medianResTime" : 5540.0,
    "minResTime" : 1186.0,
    "maxResTime" : 7579.0,
    "pct1ResTime" : 6477.0,
    "pct2ResTime" : 6690.9,
    "pct3ResTime" : 6965.37,
    "throughput" : 2.2450160643371713,
    "receivedKBytesPerSec" : 2.547438761470369,
    "sentKBytesPerSec" : 0.35131805568720775
  },
  "Total" : {
    "transaction" : "Total",
    "sampleCount" : 10260,
    "errorCount" : 210,
    "errorPct" : 2.0467837,
    "meanResTime" : 2293.6265107212444,
    "medianResTime" : 155.5,
    "minResTime" : 0.0,
    "maxResTime" : 40585.0,
    "pct1ResTime" : 5824.9,
    "pct2ResTime" : 6503.0,
    "pct3ResTime" : 38366.01999999999,
    "throughput" : 4.247576583681606,
    "receivedKBytesPerSec" : 25.623128618564724,
    "sentKBytesPerSec" : 0.7138074151209173
  },
  "TitleBasics by primary_title" : {
    "transaction" : "TitleBasics by primary_title",
    "sampleCount" : 2220,
    "errorCount" : 0,
    "errorPct" : 0.0,
    "meanResTime" : 2830.793243243239,
    "medianResTime" : 2419.5,
    "minResTime" : 98.0,
    "maxResTime" : 7987.0,
    "pct1ResTime" : 6219.700000000001,
    "pct2ResTime" : 6759.199999999997,
    "pct3ResTime" : 7340.279999999999,
    "throughput" : 3.6934134127472675,
    "receivedKBytesPerSec" : 17.402424335455937,
    "sentKBytesPerSec" : 0.6078629179005772
  },
  "Actors by name" : {
    "transaction" : "Actors by name",
    "sampleCount" : 235,
    "errorCount" : 0,
    "errorPct" : 0.0,
    "meanResTime" : 37189.53617021277,
    "medianResTime" : 38269.0,
    "minResTime" : 10858.0,
    "maxResTime" : 40585.0,
    "pct1ResTime" : 39444.2,
    "pct2ResTime" : 39762.2,
    "pct3ResTime" : 40298.72,
    "throughput" : 0.38544494288033987,
    "receivedKBytesPerSec" : 0.5127279481412533,
    "sentKBytesPerSec" : 0.05861601431476911
  },
  "TitleBasics by params" : {
    "transaction" : "TitleBasics by params",
    "sampleCount" : 6455,
    "errorCount" : 210,
    "errorPct" : 3.253292,
    "meanResTime" : 183.082416731216,
    "medianResTime" : 117.0,
    "minResTime" : 0.0,
    "maxResTime" : 3194.0,
    "pct1ResTime" : 219.0,
    "pct2ResTime" : 564.0,
    "pct3ResTime" : 1507.6399999999976,
    "throughput" : 10.762405109933258,
    "receivedKBytesPerSec" : 82.67795463085616,
    "sentKBytesPerSec" : 1.853757979060411
  }
}