{
  "Directors by name" : {
    "transaction" : "Directors by name",
    "sampleCount" : 4345,
    "errorCount" : 0,
    "errorPct" : 0.0,
    "meanResTime" : 4566.9196777905645,
    "medianResTime" : 4828.0,
    "minResTime" : 1082.0,
    "maxResTime" : 13713.0,
    "pct1ResTime" : 6709.0,
    "pct2ResTime" : 6738.7,
    "pct3ResTime" : 6787.0,
    "throughput" : 7.17781995813902,
    "receivedKBytesPerSec" : 8.194650897970883,
    "sentKBytesPerSec" : 1.1239961944751435
  },
  "Total" : {
    "transaction" : "Total",
    "sampleCount" : 40358,
    "errorCount" : 888,
    "errorPct" : 2.2003074,
    "meanResTime" : 1742.0443778185236,
    "medianResTime" : 354.0,
    "minResTime" : 0.0,
    "maxResTime" : 81277.0,
    "pct1ResTime" : 6282.800000000003,
    "pct2ResTime" : 6725.0,
    "pct3ResTime" : 40350.990000000005,
    "throughput" : 16.617455533956917,
    "receivedKBytesPerSec" : 105.12133531446574,
    "sentKBytesPerSec" : 2.805242933088163
  },
  "TitleBasics by primary_title" : {
    "transaction" : "TitleBasics by primary_title",
    "sampleCount" : 7490,
    "errorCount" : 15,
    "errorPct" : 0.20026702,
    "meanResTime" : 2443.7755674232203,
    "medianResTime" : 1709.5,
    "minResTime" : 0.0,
    "maxResTime" : 8684.0,
    "pct1ResTime" : 6173.700000000002,
    "pct2ResTime" : 6857.45,
    "pct3ResTime" : 7515.09,
    "throughput" : 12.434114961610293,
    "receivedKBytesPerSec" : 60.297998482569,
    "sentKBytesPerSec" : 2.0436099294459433
  },
  "Actors by name" : {
    "transaction" : "Actors by name",
    "sampleCount" : 779,
    "errorCount" : 0,
    "errorPct" : 0.0,
    "meanResTime" : 28374.327342747107,
    "medianResTime" : 28670.0,
    "minResTime" : 5396.0,
    "maxResTime" : 81277.0,
    "pct1ResTime" : 45878.0,
    "pct2ResTime" : 48303.0,
    "pct3ResTime" : 51626.00000000012,
    "throughput" : 1.258036332864463,
    "receivedKBytesPerSec" : 1.727503718393654,
    "sentKBytesPerSec" : 0.1912202735421555
  },
  "TitleBasics by params" : {
    "transaction" : "TitleBasics by params",
    "sampleCount" : 27744,
    "errorCount" : 873,
    "errorPct" : 3.1466262,
    "meanResTime" : 362.4092055940047,
    "medianResTime" : 240.0,
    "minResTime" : 0.0,
    "maxResTime" : 5848.0,
    "pct1ResTime" : 647.0,
    "pct2ResTime" : 1712.9500000000007,
    "pct3ResTime" : 3915.980000000003,
    "throughput" : 46.20219120686239,
    "receivedKBytesPerSec" : 354.62779755441795,
    "sentKBytesPerSec" : 7.965369693300982
  }
}