{
  "Directors by name" : {
    "transaction" : "Directors by name",
    "sampleCount" : 44844,
    "errorCount" : 0,
    "errorPct" : 0.0,
    "meanResTime" : 125.89291767014565,
    "medianResTime" : 64.0,
    "minResTime" : 37.0,
    "maxResTime" : 1083.0,
    "pct1ResTime" : 160.0,
    "pct2ResTime" : 205.0,
    "pct3ResTime" : 311.0,
    "throughput" : 74.88177616286836,
    "receivedKBytesPerSec" : 88.54319027619376,
    "sentKBytesPerSec" : 11.690508052015982
  },
  "Total" : {
    "transaction" : "Total",
    "sampleCount" : 172754,
    "errorCount" : 100,
    "errorPct" : 0.05788578,
    "meanResTime" : 176.88661333456744,
    "medianResTime" : 55.0,
    "minResTime" : 0.0,
    "maxResTime" : 36939.0,
    "pct1ResTime" : 83.0,
    "pct2ResTime" : 102.0,
    "pct3ResTime" : 192.9900000000016,
    "throughput" : 71.96020474130749,
    "receivedKBytesPerSec" : 243.22832386356535,
    "sentKBytesPerSec" : 11.65155612747783
  },
  "TitleBasics by primary_title" : {
    "transaction" : "TitleBasics by primary_title",
    "sampleCount" : 44991,
    "errorCount" : 100,
    "errorPct" : 0.22226667,
    "meanResTime" : 121.46395945855869,
    "medianResTime" : 69.0,
    "minResTime" : 0.0,
    "maxResTime" : 18421.0,
    "pct1ResTime" : 226.0,
    "pct2ResTime" : 318.0,
    "pct3ResTime" : 775.9700000000048,
    "throughput" : 75.09513953798904,
    "receivedKBytesPerSec" : 317.2774561544432,
    "sentKBytesPerSec" : 12.29197517035402
  },
  "Actors by name" : {
    "transaction" : "Actors by name",
    "sampleCount" : 46841,
    "errorCount" : 0,
    "errorPct" : 0.0,
    "meanResTime" : 69.43457654618805,
    "medianResTime" : 55.0,
    "minResTime" : 37.0,
    "maxResTime" : 3017.0,
    "pct1ResTime" : 83.0,
    "pct2ResTime" : 102.0,
    "pct3ResTime" : 192.9900000000016,
    "throughput" : 78.2175985839644,
    "receivedKBytesPerSec" : 103.84185302055589,
    "sentKBytesPerSec" : 11.985120954780372
  },
  "TitleBasics by params" : {
    "transaction" : "TitleBasics by params",
    "sampleCount" : 36078,
    "errorCount" : 0,
    "errorPct" : 0.0,
    "meanResTime" : 448.8928987194381,
    "medianResTime" : 95.0,
    "minResTime" : 38.0,
    "maxResTime" : 36939.0,
    "pct1ResTime" : 502.0,
    "pct2ResTime" : 925.0,
    "pct3ResTime" : 6795.510000000078,
    "throughput" : 60.10846113476005,
    "receivedKBytesPerSec" : 464.1945083610664,
    "sentKBytesPerSec" : 10.711176476866623
  }
}