{
  "Directors by name" : {
    "transaction" : "Directors by name",
    "sampleCount" : 1465,
    "errorCount" : 0,
    "errorPct" : 0.0,
    "meanResTime" : 14896.542662116037,
    "medianResTime" : 15561.0,
    "minResTime" : 1074.0,
    "maxResTime" : 44400.0,
    "pct1ResTime" : 24441.0,
    "pct2ResTime" : 24578.7,
    "pct3ResTime" : 27204.719999999972,
    "throughput" : 2.366972892101581,
    "receivedKBytesPerSec" : 2.663674433582579,
    "sentKBytesPerSec" : 0.3706868003090798
  },
  "Total" : {
    "transaction" : "Total",
    "sampleCount" : 21765,
    "errorCount" : 633,
    "errorPct" : 2.908339,
    "meanResTime" : 3647.0483804272926,
    "medianResTime" : 370.0,
    "minResTime" : 0.0,
    "maxResTime" : 193400.0,
    "pct1ResTime" : 9491.900000000001,
    "pct2ResTime" : 19766.700000000048,
    "pct3ResTime" : 36067.23000000045,
    "throughput" : 8.75149024630027,
    "receivedKBytesPerSec" : 61.856374355776325,
    "sentKBytesPerSec" : 1.4867299755378456
  },
  "TitleBasics by primary_title" : {
    "transaction" : "TitleBasics by primary_title",
    "sampleCount" : 2375,
    "errorCount" : 14,
    "errorPct" : 0.58947366,
    "meanResTime" : 8662.426526315769,
    "medianResTime" : 5501.0,
    "minResTime" : 107.0,
    "maxResTime" : 32387.0,
    "pct1ResTime" : 23014.8,
    "pct2ResTime" : 26629.799999999996,
    "pct3ResTime" : 29230.559999999983,
    "throughput" : 3.906654801402119,
    "receivedKBytesPerSec" : 26.38507907943175,
    "sentKBytesPerSec" : 0.6449562593451295
  },
  "Actors by name" : {
    "transaction" : "Actors by name",
    "sampleCount" : 256,
    "errorCount" : 0,
    "errorPct" : 0.0,
    "meanResTime" : 88714.89843750001,
    "medianResTime" : 87905.5,
    "minResTime" : 5527.0,
    "maxResTime" : 193400.0,
    "pct1ResTime" : 166929.2,
    "pct2ResTime" : 169996.6,
    "pct3ResTime" : 185313.25,
    "throughput" : 0.39133917488580844,
    "receivedKBytesPerSec" : 0.5143029524133093,
    "sentKBytesPerSec" : 0.05990320995576033
  },
  "TitleBasics by params" : {
    "transaction" : "TitleBasics by params",
    "sampleCount" : 17669,
    "errorCount" : 619,
    "errorPct" : 3.503311,
    "meanResTime" : 807.6459335559466,
    "medianResTime" : 304.0,
    "minResTime" : 0.0,
    "maxResTime" : 23517.0,
    "pct1ResTime" : 897.0,
    "pct2ResTime" : 2108.0,
    "pct3ResTime" : 14842.799999999996,
    "throughput" : 29.21476131660706,
    "receivedKBytesPerSec" : 224.55728010545272,
    "sentKBytesPerSec" : 5.0211805314427815
  }
}