{
  "Directors by name" : {
    "transaction" : "Directors by name",
    "sampleCount" : 46948,
    "errorCount" : 0,
    "errorPct" : 0.0,
    "meanResTime" : 65.85950413223203,
    "medianResTime" : 48.0,
    "minResTime" : 38.0,
    "maxResTime" : 1341.0,
    "pct1ResTime" : 104.0,
    "pct2ResTime" : 152.0,
    "pct3ResTime" : 234.0,
    "throughput" : 78.40033131604612,
    "receivedKBytesPerSec" : 92.09155902600348,
    "sentKBytesPerSec" : 12.24197930548041
  },
  "Total" : {
    "transaction" : "Total",
    "sampleCount" : 168906,
    "errorCount" : 0,
    "errorPct" : 0.0,
    "meanResTime" : 207.747735426808,
    "medianResTime" : 48.0,
    "minResTime" : 37.0,
    "maxResTime" : 6529.0,
    "pct1ResTime" : 104.0,
    "pct2ResTime" : 136.0,
    "pct3ResTime" : 203.0,
    "throughput" : 70.38714890499573,
    "receivedKBytesPerSec" : 224.1968111201494,
    "sentKBytesPerSec" : 11.364546171120958
  },
  "TitleBasics by primary_title" : {
    "transaction" : "TitleBasics by primary_title",
    "sampleCount" : 44387,
    "errorCount" : 0,
    "errorPct" : 0.0,
    "meanResTime" : 138.96717507378207,
    "medianResTime" : 75.0,
    "minResTime" : 38.0,
    "maxResTime" : 2047.0,
    "pct1ResTime" : 274.0,
    "pct2ResTime" : 345.0,
    "pct3ResTime" : 482.0,
    "throughput" : 74.12708167723231,
    "receivedKBytesPerSec" : 311.0469458583349,
    "sentKBytesPerSec" : 12.171849975826492
  },
  "Actors by name" : {
    "transaction" : "Actors by name",
    "sampleCount" : 47050,
    "errorCount" : 0,
    "errorPct" : 0.0,
    "meanResTime" : 63.19060573857562,
    "medianResTime" : 48.0,
    "minResTime" : 37.0,
    "maxResTime" : 722.0,
    "pct1ResTime" : 104.0,
    "pct2ResTime" : 136.0,
    "pct3ResTime" : 203.0,
    "throughput" : 78.57145242794974,
    "receivedKBytesPerSec" : 103.64532712777505,
    "sentKBytesPerSec" : 12.039512109689422
  },
  "TitleBasics by params" : {
    "transaction" : "TitleBasics by params",
    "sampleCount" : 30521,
    "errorCount" : 0,
    "errorPct" : 0.0,
    "meanResTime" : 748.874971331213,
    "medianResTime" : 277.0,
    "minResTime" : 40.0,
    "maxResTime" : 6529.0,
    "pct1ResTime" : 2114.0,
    "pct2ResTime" : 2558.9500000000007,
    "pct3ResTime" : 4090.9600000000064,
    "throughput" : 50.90252286118843,
    "receivedKBytesPerSec" : 391.15204996543514,
    "sentKBytesPerSec" : 9.076845312351463
  }
}