{
  "Directors by name" : {
    "transaction" : "Directors by name",
    "sampleCount" : 4427,
    "errorCount" : 58,
    "errorPct" : 1.3101423,
    "meanResTime" : 4465.846622995256,
    "medianResTime" : 4712.0,
    "minResTime" : 900.0,
    "maxResTime" : 12891.0,
    "pct1ResTime" : 6761.200000000001,
    "pct2ResTime" : 6774.0,
    "pct3ResTime" : 6834.72,
    "throughput" : 7.311626923699448,
    "receivedKBytesPerSec" : 38.17718187011333,
    "sentKBytesPerSec" : 1.1448739438027065
  },
  "Total" : {
    "transaction" : "Total",
    "sampleCount" : 41333,
    "errorCount" : 1085,
    "errorPct" : 2.6250212,
    "meanResTime" : 1694.471608642008,
    "medianResTime" : 273.0,
    "minResTime" : 0.0,
    "maxResTime" : 64915.0,
    "pct1ResTime" : 6154.0,
    "pct2ResTime" : 6772.0,
    "pct3ResTime" : 40144.0,
    "throughput" : 16.95759432156699,
    "receivedKBytesPerSec" : 129.71432629827672,
    "sentKBytesPerSec" : 2.863138795763822
  },
  "TitleBasics by primary_title" : {
    "transaction" : "TitleBasics by primary_title",
    "sampleCount" : 7485,
    "errorCount" : 50,
    "errorPct" : 0.66800267,
    "meanResTime" : 2449.0120240481046,
    "medianResTime" : 1663.0,
    "minResTime" : 0.0,
    "maxResTime" : 8600.0,
    "pct1ResTime" : 6290.400000000001,
    "pct2ResTime" : 7006.4,
    "pct3ResTime" : 7705.280000000001,
    "throughput" : 12.429239682568676,
    "receivedKBytesPerSec" : 77.39421556978142,
    "sentKBytesPerSec" : 2.0427851356422773
  },
  "Actors by name" : {
    "transaction" : "Actors by name",
    "sampleCount" : 870,
    "errorCount" : 84,
    "errorPct" : 9.655172,
    "meanResTime" : 25401.09655172411,
    "medianResTime" : 26835.5,
    "minResTime" : 1060.0,
    "maxResTime" : 64915.0,
    "pct1ResTime" : 42197.8,
    "pct2ResTime" : 44298.69999999996,
    "pct3ResTime" : 50084.19999999999,
    "throughput" : 1.3869758187940007,
    "receivedKBytesPerSec" : 43.596624026625946,
    "sentKBytesPerSec" : 0.2107646511277548
  },
  "TitleBasics by params" : {
    "transaction" : "TitleBasics by params",
    "sampleCount" : 28551,
    "errorCount" : 893,
    "errorPct" : 3.1277363,
    "meanResTime" : 344.55826415886986,
    "medianResTime" : 194.0,
    "minResTime" : 0.0,
    "maxResTime" : 7210.0,
    "pct1ResTime" : 512.0,
    "pct2ResTime" : 2051.0,
    "pct3ResTime" : 5163.0,
    "throughput" : 47.4844911603772,
    "receivedKBytesPerSec" : 364.39636525864006,
    "sentKBytesPerSec" : 8.187883822991335
  }
}