{
  "Directors by name" : {
    "transaction" : "Directors by name",
    "sampleCount" : 1346,
    "errorCount" : 0,
    "errorPct" : 0.0,
    "meanResTime" : 5468.075780089149,
    "medianResTime" : 5560.5,
    "minResTime" : 1193.0,
    "maxResTime" : 7495.0,
    "pct1ResTime" : 6465.3,
    "pct2ResTime" : 6627.95,
    "pct3ResTime" : 7004.12,
    "throughput" : 2.232024409657734,
    "receivedKBytesPerSec" : 2.5329087829994696,
    "sentKBytesPerSec" : 0.34927364115564474
  },
  "Total" : {
    "transaction" : "Total",
    "sampleCount" : 10192,
    "errorCount" : 201,
    "errorPct" : 1.9721351,
    "meanResTime" : 2320.0565149136637,
    "medianResTime" : 165.0,
    "minResTime" : 0.0,
    "maxResTime" : 40983.0,
    "pct1ResTime" : 5813.0,
    "pct2ResTime" : 6488.0,
    "pct3ResTime" : 38742.28,
    "throughput" : 4.215404175450482,
    "receivedKBytesPerSec" : 25.412188307035656,
    "sentKBytesPerSec" : 0.7088171282021376
  },
  "TitleBasics by primary_title" : {
    "transaction" : "TitleBasics by primary_title",
    "sampleCount" : 2235,
    "errorCount" : 0,
    "errorPct" : 0.0,
    "meanResTime" : 2795.647427293068,
    "medianResTime" : 2392.0,
    "minResTime" : 125.0,
    "maxResTime" : 7962.0,
    "pct1ResTime" : 6086.800000000001,
    "pct2ResTime" : 6673.2,
    "pct3ResTime" : 7360.079999999991,
    "throughput" : 3.7261551080835056,
    "receivedKBytesPerSec" : 17.536092113034208,
    "sentKBytesPerSec" : 0.6134046736780069
  },
  "Actors by name" : {
    "transaction" : "Actors by name",
    "sampleCount" : 234,
    "errorCount" : 0,
    "errorPct" : 0.0,
    "meanResTime" : 37449.410256410265,
    "medianResTime" : 38508.0,
    "minResTime" : 12112.0,
    "maxResTime" : 40983.0,
    "pct1ResTime" : 39814.0,
    "pct2ResTime" : 40133.5,
    "pct3ResTime" : 40582.0,
    "throughput" : 0.38281770188316866,
    "receivedKBytesPerSec" : 0.5092285752964792,
    "sentKBytesPerSec" : 0.05821923358341909
  },
  "TitleBasics by params" : {
    "transaction" : "TitleBasics by params",
    "sampleCount" : 6377,
    "errorCount" : 201,
    "errorPct" : 3.1519523,
    "meanResTime" : 199.8670221107105,
    "medianResTime" : 123.0,
    "minResTime" : 0.0,
    "maxResTime" : 2951.0,
    "pct1ResTime" : 221.0,
    "pct2ResTime" : 601.0999999999995,
    "pct3ResTime" : 2133.540000000002,
    "throughput" : 10.62723518569748,
    "receivedKBytesPerSec" : 81.79897256970946,
    "sentKBytesPerSec" : 1.8325368748354336
  }
}