{
  "Total" : {
    "transaction" : "Total",
    "sampleCount" : 2321,
    "errorCount" : 139,
    "errorPct" : 5.988798,
    "meanResTime" : 194.2076691081431,
    "medianResTime" : 125.0,
    "minResTime" : 0.0,
    "maxResTime" : 2095.0,
    "pct1ResTime" : 290.0,
    "pct2ResTime" : 661.1000000000008,
    "pct3ResTime" : 1458.7800000000002,
    "throughput" : 1.789246635430013,
    "receivedKBytesPerSec" : 13.163685243398444,
    "sentKBytesPerSec" : 0.29943688790959566
  },
  "TitleBasics by params" : {
    "transaction" : "TitleBasics by params",
    "sampleCount" : 2321,
    "errorCount" : 139,
    "errorPct" : 5.988798,
    "meanResTime" : 194.2076691081431,
    "medianResTime" : 125.0,
    "minResTime" : 0.0,
    "maxResTime" : 2095.0,
    "pct1ResTime" : 290.0,
    "pct2ResTime" : 661.1000000000008,
    "pct3ResTime" : 1458.7800000000002,
    "throughput" : 1.789246635430013,
    "receivedKBytesPerSec" : 13.163685243398444,
    "sentKBytesPerSec" : 0.29943688790959566
  }
}