{
  "Total" : {
    "transaction" : "Total",
    "sampleCount" : 28551,
    "errorCount" : 893,
    "errorPct" : 3.1277363,
    "meanResTime" : 344.55826415886986,
    "medianResTime" : 194.0,
    "minResTime" : 0.0,
    "maxResTime" : 7210.0,
    "pct1ResTime" : 512.0,
    "pct2ResTime" : 2051.0,
    "pct3ResTime" : 5163.0,
    "throughput" : 47.4844911603772,
    "receivedKBytesPerSec" : 364.39636525864006,
    "sentKBytesPerSec" : 8.187883822991335
  },
  "TitleBasics by params" : {
    "transaction" : "TitleBasics by params",
    "sampleCount" : 28551,
    "errorCount" : 893,
    "errorPct" : 3.1277363,
    "meanResTime" : 344.55826415886986,
    "medianResTime" : 194.0,
    "minResTime" : 0.0,
    "maxResTime" : 7210.0,
    "pct1ResTime" : 512.0,
    "pct2ResTime" : 2051.0,
    "pct3ResTime" : 5163.0,
    "throughput" : 47.4844911603772,
    "receivedKBytesPerSec" : 364.39636525864006,
    "sentKBytesPerSec" : 8.187883822991335
  }
}