{
  "Total" : {
    "transaction" : "Total",
    "sampleCount" : 6455,
    "errorCount" : 210,
    "errorPct" : 3.253292,
    "meanResTime" : 183.082416731216,
    "medianResTime" : 117.0,
    "minResTime" : 0.0,
    "maxResTime" : 3194.0,
    "pct1ResTime" : 219.0,
    "pct2ResTime" : 564.0,
    "pct3ResTime" : 1507.6399999999976,
    "throughput" : 10.762405109933258,
    "receivedKBytesPerSec" : 82.67795463085616,
    "sentKBytesPerSec" : 1.853757979060411
  },
  "TitleBasics by params" : {
    "transaction" : "TitleBasics by params",
    "sampleCount" : 6455,
    "errorCount" : 210,
    "errorPct" : 3.253292,
    "meanResTime" : 183.082416731216,
    "medianResTime" : 117.0,
    "minResTime" : 0.0,
    "maxResTime" : 3194.0,
    "pct1ResTime" : 219.0,
    "pct2ResTime" : 564.0,
    "pct3ResTime" : 1507.6399999999976,
    "throughput" : 10.762405109933258,
    "receivedKBytesPerSec" : 82.67795463085616,
    "sentKBytesPerSec" : 1.853757979060411
  }
}