{
  "Total" : {
    "transaction" : "Total",
    "sampleCount" : 17669,
    "errorCount" : 619,
    "errorPct" : 3.503311,
    "meanResTime" : 807.6459335559466,
    "medianResTime" : 304.0,
    "minResTime" : 0.0,
    "maxResTime" : 23517.0,
    "pct1ResTime" : 897.0,
    "pct2ResTime" : 2108.0,
    "pct3ResTime" : 14842.799999999996,
    "throughput" : 29.21476131660706,
    "receivedKBytesPerSec" : 224.55728010545272,
    "sentKBytesPerSec" : 5.0211805314427815
  },
  "TitleBasics by params" : {
    "transaction" : "TitleBasics by params",
    "sampleCount" : 17669,
    "errorCount" : 619,
    "errorPct" : 3.503311,
    "meanResTime" : 807.6459335559466,
    "medianResTime" : 304.0,
    "minResTime" : 0.0,
    "maxResTime" : 23517.0,
    "pct1ResTime" : 897.0,
    "pct2ResTime" : 2108.0,
    "pct3ResTime" : 14842.799999999996,
    "throughput" : 29.21476131660706,
    "receivedKBytesPerSec" : 224.55728010545272,
    "sentKBytesPerSec" : 5.0211805314427815
  }
}