{
  "Total" : {
    "transaction" : "Total",
    "sampleCount" : 36078,
    "errorCount" : 0,
    "errorPct" : 0.0,
    "meanResTime" : 448.89289871943816,
    "medianResTime" : 95.0,
    "minResTime" : 38.0,
    "maxResTime" : 36939.0,
    "pct1ResTime" : 502.0,
    "pct2ResTime" : 925.0,
    "pct3ResTime" : 6795.510000000078,
    "throughput" : 60.10846113476005,
    "receivedKBytesPerSec" : 464.1945083610664,
    "sentKBytesPerSec" : 10.711176476866623
  },
  "TitleBasics by params" : {
    "transaction" : "TitleBasics by params",
    "sampleCount" : 36078,
    "errorCount" : 0,
    "errorPct" : 0.0,
    "meanResTime" : 448.89289871943816,
    "medianResTime" : 95.0,
    "minResTime" : 38.0,
    "maxResTime" : 36939.0,
    "pct1ResTime" : 502.0,
    "pct2ResTime" : 925.0,
    "pct3ResTime" : 6795.510000000078,
    "throughput" : 60.10846113476005,
    "receivedKBytesPerSec" : 464.1945083610664,
    "sentKBytesPerSec" : 10.711176476866623
  }
}