{
  "Total" : {
    "transaction" : "Total",
    "sampleCount" : 6377,
    "errorCount" : 201,
    "errorPct" : 3.1519523,
    "meanResTime" : 199.8670221107105,
    "medianResTime" : 123.0,
    "minResTime" : 0.0,
    "maxResTime" : 2951.0,
    "pct1ResTime" : 221.0,
    "pct2ResTime" : 601.0999999999995,
    "pct3ResTime" : 2133.540000000002,
    "throughput" : 10.62723518569748,
    "receivedKBytesPerSec" : 81.79897256970946,
    "sentKBytesPerSec" : 1.8325368748354336
  },
  "TitleBasics by params" : {
    "transaction" : "TitleBasics by params",
    "sampleCount" : 6377,
    "errorCount" : 201,
    "errorPct" : 3.1519523,
    "meanResTime" : 199.8670221107105,
    "medianResTime" : 123.0,
    "minResTime" : 0.0,
    "maxResTime" : 2951.0,
    "pct1ResTime" : 221.0,
    "pct2ResTime" : 601.0999999999995,
    "pct3ResTime" : 2133.540000000002,
    "throughput" : 10.62723518569748,
    "receivedKBytesPerSec" : 81.79897256970946,
    "sentKBytesPerSec" : 1.8325368748354336
  }
}