{
  "Total" : {
    "transaction" : "Total",
    "sampleCount" : 20262,
    "errorCount" : 0,
    "errorPct" : 0.0,
    "meanResTime" : 1720.3506070476603,
    "medianResTime" : 2108.5,
    "minResTime" : 5.0,
    "maxResTime" : 16840.0,
    "pct1ResTime" : 2754.0,
    "pct2ResTime" : 3042.9500000000007,
    "pct3ResTime" : 3954.0,
    "throughput" : 33.69850300944829,
    "receivedKBytesPerSec" : 258.9088425463558,
    "sentKBytesPerSec" : 5.9473231689265935
  },
  "TitleBasics by params" : {
    "transaction" : "TitleBasics by params",
    "sampleCount" : 20262,
    "errorCount" : 0,
    "errorPct" : 0.0,
    "meanResTime" : 1720.3506070476603,
    "medianResTime" : 2108.5,
    "minResTime" : 5.0,
    "maxResTime" : 16840.0,
    "pct1ResTime" : 2754.0,
    "pct2ResTime" : 3042.9500000000007,
    "pct3ResTime" : 3954.0,
    "throughput" : 33.69850300944829,
    "receivedKBytesPerSec" : 258.9088425463558,
    "sentKBytesPerSec" : 5.9473231689265935
  }
}