{
  "Total" : {
    "transaction" : "Total",
    "sampleCount" : 30521,
    "errorCount" : 0,
    "errorPct" : 0.0,
    "meanResTime" : 748.8749713312129,
    "medianResTime" : 277.0,
    "minResTime" : 40.0,
    "maxResTime" : 6529.0,
    "pct1ResTime" : 2114.0,
    "pct2ResTime" : 2558.9500000000007,
    "pct3ResTime" : 4090.9600000000064,
    "throughput" : 50.90252286118843,
    "receivedKBytesPerSec" : 391.15204996543514,
    "sentKBytesPerSec" : 9.076845312351463
  },
  "TitleBasics by params" : {
    "transaction" : "TitleBasics by params",
    "sampleCount" : 30521,
    "errorCount" : 0,
    "errorPct" : 0.0,
    "meanResTime" : 748.8749713312129,
    "medianResTime" : 277.0,
    "minResTime" : 40.0,
    "maxResTime" : 6529.0,
    "pct1ResTime" : 2114.0,
    "pct2ResTime" : 2558.9500000000007,
    "pct3ResTime" : 4090.9600000000064,
    "throughput" : 50.90252286118843,
    "receivedKBytesPerSec" : 391.15204996543514,
    "sentKBytesPerSec" : 9.076845312351463
  }
}