{
  "Directors by name" : {
    "transaction" : "Directors by name",
    "sampleCount" : 46,
    "errorCount" : 1,
    "errorPct" : 2.173913,
    "meanResTime" : 2440.5,
    "medianResTime" : 2219.0,
    "minResTime" : 745.0,
    "maxResTime" : 4966.0,
    "pct1ResTime" : 4472.3,
    "pct2ResTime" : 4858.45,
    "pct3ResTime" : 4966.0,
    "throughput" : 0.4005119587646818,
    "receivedKBytesPerSec" : 0.45457223037273736,
    "sentKBytesPerSec" : 0.061032499151088784
  },
  "Total" : {
    "transaction" : "Total",
    "sampleCount" : 32417,
    "errorCount" : 1150,
    "errorPct" : 3.5475214,
    "meanResTime" : 356.31569855322834,
    "medianResTime" : 232.0,
    "minResTime" : 0.0,
    "maxResTime" : 16209.0,
    "pct1ResTime" : 643.0,
    "pct2ResTime" : 1720.9000000000015,
    "pct3ResTime" : 4086.970000000005,
    "throughput" : 5.3855591523521635,
    "receivedKBytesPerSec" : 41.03579500522906,
    "sentKBytesPerSec" : 0.9242712398419569
  },
  "TitleBasics by primary_title" : {
    "transaction" : "TitleBasics by primary_title",
    "sampleCount" : 59,
    "errorCount" : 1,
    "errorPct" : 1.6949153,
    "meanResTime" : 737.8474576271186,
    "medianResTime" : 676.0,
    "minResTime" : 109.0,
    "maxResTime" : 2436.0,
    "pct1ResTime" : 1385.0,
    "pct2ResTime" : 1731.0,
    "pct3ResTime" : 2436.0,
    "throughput" : 0.5181119648737651,
    "receivedKBytesPerSec" : 2.7053804198682765,
    "sentKBytesPerSec" : 0.0843252607025247
  },
  "Actors by name" : {
    "transaction" : "Actors by name",
    "sampleCount" : 49,
    "errorCount" : 12,
    "errorPct" : 24.489796,
    "meanResTime" : 9767.938775510203,
    "medianResTime" : 10669.0,
    "minResTime" : 666.0,
    "maxResTime" : 16209.0,
    "pct1ResTime" : 15571.0,
    "pct2ResTime" : 15835.5,
    "pct3ResTime" : 16209.0,
    "throughput" : 0.4359818489189429,
    "receivedKBytesPerSec" : 0.5847384108906486,
    "sentKBytesPerSec" : 0.05050076741702998
  },
  "TitleBasics by params" : {
    "transaction" : "TitleBasics by params",
    "sampleCount" : 32263,
    "errorCount" : 1136,
    "errorPct" : 3.5210612,
    "meanResTime" : 338.35232309456774,
    "medianResTime" : 232.0,
    "minResTime" : 0.0,
    "maxResTime" : 6249.0,
    "pct1ResTime" : 643.0,
    "pct2ResTime" : 1720.9000000000015,
    "pct3ResTime" : 4086.970000000005,
    "throughput" : 5.359974548302985,
    "receivedKBytesPerSec" : 40.96502152289241,
    "sentKBytesPerSec" : 0.9205684355969893
  }
}