{
  "Total" : {
    "transaction" : "Total",
    "sampleCount" : 27744,
    "errorCount" : 873,
    "errorPct" : 3.1466262,
    "meanResTime" : 362.4092055940046,
    "medianResTime" : 240.0,
    "minResTime" : 0.0,
    "maxResTime" : 5848.0,
    "pct1ResTime" : 647.0,
    "pct2ResTime" : 1712.9500000000007,
    "pct3ResTime" : 3915.980000000003,
    "throughput" : 46.20219120686239,
    "receivedKBytesPerSec" : 354.62779755441795,
    "sentKBytesPerSec" : 7.965369693300982
  },
  "TitleBasics by params" : {
    "transaction" : "TitleBasics by params",
    "sampleCount" : 27744,
    "errorCount" : 873,
    "errorPct" : 3.1466262,
    "meanResTime" : 362.4092055940046,
    "medianResTime" : 240.0,
    "minResTime" : 0.0,
    "maxResTime" : 5848.0,
    "pct1ResTime" : 647.0,
    "pct2ResTime" : 1712.9500000000007,
    "pct3ResTime" : 3915.980000000003,
    "throughput" : 46.20219120686239,
    "receivedKBytesPerSec" : 354.62779755441795,
    "sentKBytesPerSec" : 7.965369693300982
  }
}