{
  "Directors by name" : {
    "transaction" : "Directors by name",
    "sampleCount" : 682,
    "errorCount" : 74,
    "errorPct" : 10.85044,
    "meanResTime" : 13324.63049853372,
    "medianResTime" : 16113.0,
    "minResTime" : 116.0,
    "maxResTime" : 24338.0,
    "pct1ResTime" : 16399.4,
    "pct2ResTime" : 24309.0,
    "pct3ResTime" : 24325.34,
    "throughput" : 1.5811559594741844,
    "receivedKBytesPerSec" : 1.9978766620105257,
    "sentKBytesPerSec" : 0.2199501396842325
  },
  "Total" : {
    "transaction" : "Total",
    "sampleCount" : 682,
    "errorCount" : 74,
    "errorPct" : 10.85044,
    "meanResTime" : 13324.63049853372,
    "medianResTime" : 16113.0,
    "minResTime" : 116.0,
    "maxResTime" : 24338.0,
    "pct1ResTime" : 16399.4,
    "pct2ResTime" : 24309.0,
    "pct3ResTime" : 24325.34,
    "throughput" : 1.5811559594741844,
    "receivedKBytesPerSec" : 1.9978766620105257,
    "sentKBytesPerSec" : 0.2199501396842325
  }
}