{
  "Directors by name" : {
    "transaction" : "Directors by name",
    "sampleCount" : 762,
    "errorCount" : 0,
    "errorPct" : 0.0,
    "meanResTime" : 6190.303149606306,
    "medianResTime" : 5991.0,
    "minResTime" : 1053.0,
    "maxResTime" : 16718.0,
    "pct1ResTime" : 11327.500000000002,
    "pct2ResTime" : 12543.400000000001,
    "pct3ResTime" : 15242.150000000001,
    "throughput" : 0.16279668467329034,
    "receivedKBytesPerSec" : 0.1826397004391451,
    "sentKBytesPerSec" : 0.025509796175666594
  },
  "Total" : {
    "transaction" : "Total",
    "sampleCount" : 3024,
    "errorCount" : 36,
    "errorPct" : 1.1904762,
    "meanResTime" : 7630.552579365077,
    "medianResTime" : 2492.0,
    "minResTime" : 0.0,
    "maxResTime" : 47863.0,
    "pct1ResTime" : 24460.0,
    "pct2ResTime" : 34634.25,
    "pct3ResTime" : 42248.5,
    "throughput" : 0.6452096067101799,
    "receivedKBytesPerSec" : 2.367467960617037,
    "sentKBytesPerSec" : 0.10396902255118524
  },
  "TitleBasics by primary_title" : {
    "transaction" : "TitleBasics by primary_title",
    "sampleCount" : 749,
    "errorCount" : 0,
    "errorPct" : 0.0,
    "meanResTime" : 1565.8638184245647,
    "medianResTime" : 1118.0,
    "minResTime" : 101.0,
    "maxResTime" : 11453.0,
    "pct1ResTime" : 3335.0,
    "pct2ResTime" : 4171.5,
    "pct3ResTime" : 7372.5,
    "throughput" : 0.16031334945741743,
    "receivedKBytesPerSec" : 0.8155441259685151,
    "sentKBytesPerSec" : 0.026370803546585046
  },
  "Actors by name" : {
    "transaction" : "Actors by name",
    "sampleCount" : 751,
    "errorCount" : 0,
    "errorPct" : 0.0,
    "meanResTime" : 22415.062583222378,
    "medianResTime" : 20658.0,
    "minResTime" : 5308.0,
    "maxResTime" : 47863.0,
    "pct1ResTime" : 39113.00000000001,
    "pct2ResTime" : 41823.2,
    "pct3ResTime" : 45178.68,
    "throughput" : 0.16026537043067637,
    "receivedKBytesPerSec" : 0.15890492870431744,
    "sentKBytesPerSec" : 0.024631747764287414
  },
  "TitleBasics by params" : {
    "transaction" : "TitleBasics by params",
    "sampleCount" : 762,
    "errorCount" : 36,
    "errorPct" : 4.7244096,
    "meanResTime" : 460.93963254593194,
    "medianResTime" : 176.0,
    "minResTime" : 0.0,
    "maxResTime" : 13375.0,
    "pct1ResTime" : 869.2000000000007,
    "pct2ResTime" : 1465.8500000000004,
    "pct3ResTime" : 5898.8700000000035,
    "throughput" : 0.1634301632028194,
    "receivedKBytesPerSec" : 1.2195401621181106,
    "sentKBytesPerSec" : 0.027721558258885386
  }
}