{
  "Directors by name" : {
    "transaction" : "Directors by name",
    "sampleCount" : 538,
    "errorCount" : 0,
    "errorPct" : 0.0,
    "meanResTime" : 6925.156133828992,
    "medianResTime" : 6745.5,
    "minResTime" : 1091.0,
    "maxResTime" : 20791.0,
    "pct1ResTime" : 12144.7,
    "pct2ResTime" : 14011.999999999996,
    "pct3ResTime" : 16557.660000000007,
    "throughput" : 0.9032998989244351,
    "receivedKBytesPerSec" : 1.0262716060563066,
    "sentKBytesPerSec" : 0.1415292049827567
  },
  "Total" : {
    "transaction" : "Total",
    "sampleCount" : 2389,
    "errorCount" : 30,
    "errorPct" : 1.2557555,
    "meanResTime" : 8757.484721640865,
    "medianResTime" : 3195.0,
    "minResTime" : 0.0,
    "maxResTime" : 51515.0,
    "pct1ResTime" : 29464.0,
    "pct2ResTime" : 35774.0,
    "pct3ResTime" : 42396.0,
    "throughput" : 3.857500165505972,
    "receivedKBytesPerSec" : 14.214014283770888,
    "sentKBytesPerSec" : 0.622085480201449
  },
  "TitleBasics by primary_title" : {
    "transaction" : "TitleBasics by primary_title",
    "sampleCount" : 630,
    "errorCount" : 0,
    "errorPct" : 0.0,
    "meanResTime" : 2168.863492063491,
    "medianResTime" : 1402.0,
    "minResTime" : 114.0,
    "maxResTime" : 13716.0,
    "pct1ResTime" : 4624.199999999998,
    "pct2ResTime" : 7586.799999999999,
    "pct3ResTime" : 10149.46999999998,
    "throughput" : 1.0393586991848458,
    "receivedKBytesPerSec" : 5.101095226807041,
    "sentKBytesPerSec" : 0.17206645131594359
  },
  "Actors by name" : {
    "transaction" : "Actors by name",
    "sampleCount" : 630,
    "errorCount" : 0,
    "errorPct" : 0.0,
    "meanResTime" : 24708.860317460305,
    "medianResTime" : 24665.0,
    "minResTime" : 5418.0,
    "maxResTime" : 51515.0,
    "pct1ResTime" : 38768.0,
    "pct2ResTime" : 41415.45,
    "pct3ResTime" : 46751.40999999999,
    "throughput" : 1.0187712648287817,
    "receivedKBytesPerSec" : 1.0190018275220247,
    "sentKBytesPerSec" : 0.15657891505307311
  },
  "TitleBasics by params" : {
    "transaction" : "TitleBasics by params",
    "sampleCount" : 591,
    "errorCount" : 30,
    "errorPct" : 5.0761423,
    "meanResTime" : 444.89170896785123,
    "medianResTime" : 177.0,
    "minResTime" : 0.0,
    "maxResTime" : 17247.0,
    "pct1ResTime" : 681.6000000000015,
    "pct2ResTime" : 1143.0,
    "pct3ResTime" : 8520.56,
    "throughput" : 0.9999983079554857,
    "receivedKBytesPerSec" : 7.562672271282113,
    "sentKBytesPerSec" : 0.16894667902423177
  }
}