{
  "Directors by name" : {
    "transaction" : "Directors by name",
    "sampleCount" : 38002,
    "errorCount" : 0,
    "errorPct" : 0.0,
    "meanResTime" : 50795.66380716794,
    "medianResTime" : 81555.5,
    "minResTime" : 1082.0,
    "maxResTime" : 245133.0,
    "pct1ResTime" : 162638.9,
    "pct2ResTime" : 243119.0,
    "pct3ResTime" : 244535.99,
    "throughput" : 3.5376748124479387,
    "receivedKBytesPerSec" : 4.030295376984112,
    "sentKBytesPerSec" : 0.5531876935495011
  },
  "Total" : {
    "transaction" : "Total",
    "sampleCount" : 38002,
    "errorCount" : 0,
    "errorPct" : 0.0,
    "meanResTime" : 50795.66380716794,
    "medianResTime" : 81555.5,
    "minResTime" : 1082.0,
    "maxResTime" : 245133.0,
    "pct1ResTime" : 162638.9,
    "pct2ResTime" : 243119.0,
    "pct3ResTime" : 244535.99,
    "throughput" : 3.5376748124479387,
    "receivedKBytesPerSec" : 4.030295376984112,
    "sentKBytesPerSec" : 0.5531876935495011
  }
}