{
  "Total" : {
    "transaction" : "Total",
    "sampleCount" : 7485,
    "errorCount" : 50,
    "errorPct" : 0.66800267,
    "meanResTime" : 2449.0120240481046,
    "medianResTime" : 1663.0,
    "minResTime" : 0.0,
    "maxResTime" : 8600.0,
    "pct1ResTime" : 6290.400000000001,
    "pct2ResTime" : 7006.4,
    "pct3ResTime" : 7705.280000000001,
    "throughput" : 12.429239682568676,
    "receivedKBytesPerSec" : 77.39421556978142,
    "sentKBytesPerSec" : 2.0427851356422773
  },
  "TitleBasics by primary_title" : {
    "transaction" : "TitleBasics by primary_title",
    "sampleCount" : 7485,
    "errorCount" : 50,
    "errorPct" : 0.66800267,
    "meanResTime" : 2449.0120240481046,
    "medianResTime" : 1663.0,
    "minResTime" : 0.0,
    "maxResTime" : 8600.0,
    "pct1ResTime" : 6290.400000000001,
    "pct2ResTime" : 7006.4,
    "pct3ResTime" : 7705.280000000001,
    "throughput" : 12.429239682568676,
    "receivedKBytesPerSec" : 77.39421556978142,
    "sentKBytesPerSec" : 2.0427851356422773
  }
}