{
  "Total" : {
    "transaction" : "Total",
    "sampleCount" : 2220,
    "errorCount" : 0,
    "errorPct" : 0.0,
    "meanResTime" : 2830.793243243239,
    "medianResTime" : 2419.5,
    "minResTime" : 98.0,
    "maxResTime" : 7987.0,
    "pct1ResTime" : 6219.700000000001,
    "pct2ResTime" : 6759.199999999997,
    "pct3ResTime" : 7340.279999999999,
    "throughput" : 3.6934134127472675,
    "receivedKBytesPerSec" : 17.402424335455937,
    "sentKBytesPerSec" : 0.6078629179005772
  },
  "TitleBasics by primary_title" : {
    "transaction" : "TitleBasics by primary_title",
    "sampleCount" : 2220,
    "errorCount" : 0,
    "errorPct" : 0.0,
    "meanResTime" : 2830.793243243239,
    "medianResTime" : 2419.5,
    "minResTime" : 98.0,
    "maxResTime" : 7987.0,
    "pct1ResTime" : 6219.700000000001,
    "pct2ResTime" : 6759.199999999997,
    "pct3ResTime" : 7340.279999999999,
    "throughput" : 3.6934134127472675,
    "receivedKBytesPerSec" : 17.402424335455937,
    "sentKBytesPerSec" : 0.6078629179005772
  }
}