{
  "Total" : {
    "transaction" : "Total",
    "sampleCount" : 15555,
    "errorCount" : 866,
    "errorPct" : 5.567342,
    "meanResTime" : 3087.84783027964,
    "medianResTime" : 2164.0,
    "minResTime" : 0.0,
    "maxResTime" : 25123.0,
    "pct1ResTime" : 7163.4,
    "pct2ResTime" : 7581.0,
    "pct3ResTime" : 8496.200000000003,
    "throughput" : 12.939058738585262,
    "receivedKBytesPerSec" : 265.83826029057565,
    "sentKBytesPerSec" : 2.121236778640197
  },
  "TitleBasics by primary_title" : {
    "transaction" : "TitleBasics by primary_title",
    "sampleCount" : 15555,
    "errorCount" : 866,
    "errorPct" : 5.567342,
    "meanResTime" : 3087.84783027964,
    "medianResTime" : 2164.0,
    "minResTime" : 0.0,
    "maxResTime" : 25123.0,
    "pct1ResTime" : 7163.4,
    "pct2ResTime" : 7581.0,
    "pct3ResTime" : 8496.200000000003,
    "throughput" : 12.939058738585262,
    "receivedKBytesPerSec" : 265.83826029057565,
    "sentKBytesPerSec" : 2.121236778640197
  }
}