{
  "Total" : {
    "transaction" : "Total",
    "sampleCount" : 44991,
    "errorCount" : 100,
    "errorPct" : 0.22226667,
    "meanResTime" : 121.46395945855868,
    "medianResTime" : 69.0,
    "minResTime" : 0.0,
    "maxResTime" : 18421.0,
    "pct1ResTime" : 226.0,
    "pct2ResTime" : 318.0,
    "pct3ResTime" : 775.9700000000048,
    "throughput" : 75.09513953798904,
    "receivedKBytesPerSec" : 317.2774561544432,
    "sentKBytesPerSec" : 12.29197517035402
  },
  "TitleBasics by primary_title" : {
    "transaction" : "TitleBasics by primary_title",
    "sampleCount" : 44991,
    "errorCount" : 100,
    "errorPct" : 0.22226667,
    "meanResTime" : 121.46395945855868,
    "medianResTime" : 69.0,
    "minResTime" : 0.0,
    "maxResTime" : 18421.0,
    "pct1ResTime" : 226.0,
    "pct2ResTime" : 318.0,
    "pct3ResTime" : 775.9700000000048,
    "throughput" : 75.09513953798904,
    "receivedKBytesPerSec" : 317.2774561544432,
    "sentKBytesPerSec" : 12.29197517035402
  }
}