{
  "Directors by name" : {
    "transaction" : "Directors by name",
    "sampleCount" : 46,
    "errorCount" : 1,
    "errorPct" : 2.173913,
    "meanResTime" : 2440.5,
    "medianResTime" : 2219.0,
    "minResTime" : 745.0,
    "maxResTime" : 4966.0,
    "pct1ResTime" : 4472.3,
    "pct2ResTime" : 4858.45,
    "pct3ResTime" : 4966.0,
    "throughput" : 0.4005119587646818,
    "receivedKBytesPerSec" : 0.45457223037273736,
    "sentKBytesPerSec" : 0.061032499151088784
  },
  "Total" : {
    "transaction" : "Total",
    "sampleCount" : 9311,
    "errorCount" : 39,
    "errorPct" : 0.41885942,
    "meanResTime" : 2280.811405864033,
    "medianResTime" : 1429.0,
    "minResTime" : 0.0,
    "maxResTime" : 22945.0,
    "pct1ResTime" : 5968.800000000001,
    "pct2ResTime" : 6843.4,
    "pct3ResTime" : 8192.599999999984,
    "throughput" : 1.7088536273542851,
    "receivedKBytesPerSec" : 8.953095861645991,
    "sentKBytesPerSec" : 0.2806414425658352
  },
  "TitleBasics by primary_title" : {
    "transaction" : "TitleBasics by primary_title",
    "sampleCount" : 9177,
    "errorCount" : 26,
    "errorPct" : 0.283317,
    "meanResTime" : 2248.731938541999,
    "medianResTime" : 1426.0,
    "minResTime" : 0.0,
    "maxResTime" : 22945.0,
    "pct1ResTime" : 5918.600000000002,
    "pct2ResTime" : 6803.1,
    "pct3ResTime" : 7793.499999999984,
    "throughput" : 1.6842605239211978,
    "receivedKBytesPerSec" : 8.875257549383043,
    "sentKBytesPerSec" : 0.2770378618053871
  },
  "Actors by name" : {
    "transaction" : "Actors by name",
    "sampleCount" : 49,
    "errorCount" : 12,
    "errorPct" : 24.489796,
    "meanResTime" : 9767.938775510203,
    "medianResTime" : 10669.0,
    "minResTime" : 666.0,
    "maxResTime" : 16209.0,
    "pct1ResTime" : 15571.0,
    "pct2ResTime" : 15835.5,
    "pct3ResTime" : 16209.0,
    "throughput" : 0.4359818489189429,
    "receivedKBytesPerSec" : 0.5847384108906486,
    "sentKBytesPerSec" : 0.05050076741702998
  },
  "TitleBasics by params" : {
    "transaction" : "TitleBasics by params",
    "sampleCount" : 39,
    "errorCount" : 0,
    "errorPct" : 0.0,
    "meanResTime" : 234.1025641025641,
    "medianResTime" : 159.0,
    "minResTime" : 95.0,
    "maxResTime" : 1717.0,
    "pct1ResTime" : 383.0,
    "pct2ResTime" : 509.0,
    "pct3ResTime" : 1717.0,
    "throughput" : 0.3477857639693948,
    "receivedKBytesPerSec" : 2.7304613651260055,
    "sentKBytesPerSec" : 0.06197023979382546
  }
}