{
  "Total" : {
    "transaction" : "Total",
    "sampleCount" : 7490,
    "errorCount" : 15,
    "errorPct" : 0.20026702,
    "meanResTime" : 2443.7755674232203,
    "medianResTime" : 1709.5,
    "minResTime" : 0.0,
    "maxResTime" : 8684.0,
    "pct1ResTime" : 6173.700000000002,
    "pct2ResTime" : 6857.45,
    "pct3ResTime" : 7515.09,
    "throughput" : 12.434114961610293,
    "receivedKBytesPerSec" : 60.297998482569,
    "sentKBytesPerSec" : 2.0436099294459433
  },
  "TitleBasics by primary_title" : {
    "transaction" : "TitleBasics by primary_title",
    "sampleCount" : 7490,
    "errorCount" : 15,
    "errorPct" : 0.20026702,
    "meanResTime" : 2443.7755674232203,
    "medianResTime" : 1709.5,
    "minResTime" : 0.0,
    "maxResTime" : 8684.0,
    "pct1ResTime" : 6173.700000000002,
    "pct2ResTime" : 6857.45,
    "pct3ResTime" : 7515.09,
    "throughput" : 12.434114961610293,
    "receivedKBytesPerSec" : 60.297998482569,
    "sentKBytesPerSec" : 2.0436099294459433
  }
}