{
  "Total" : {
    "transaction" : "Total",
    "sampleCount" : 44387,
    "errorCount" : 0,
    "errorPct" : 0.0,
    "meanResTime" : 138.96717507378204,
    "medianResTime" : 75.0,
    "minResTime" : 38.0,
    "maxResTime" : 2047.0,
    "pct1ResTime" : 274.0,
    "pct2ResTime" : 345.0,
    "pct3ResTime" : 482.0,
    "throughput" : 74.12708167723231,
    "receivedKBytesPerSec" : 311.0469458583349,
    "sentKBytesPerSec" : 12.171849975826492
  },
  "TitleBasics by primary_title" : {
    "transaction" : "TitleBasics by primary_title",
    "sampleCount" : 44387,
    "errorCount" : 0,
    "errorPct" : 0.0,
    "meanResTime" : 138.96717507378204,
    "medianResTime" : 75.0,
    "minResTime" : 38.0,
    "maxResTime" : 2047.0,
    "pct1ResTime" : 274.0,
    "pct2ResTime" : 345.0,
    "pct3ResTime" : 482.0,
    "throughput" : 74.12708167723231,
    "receivedKBytesPerSec" : 311.0469458583349,
    "sentKBytesPerSec" : 12.171849975826492
  }
}