{
  "Total" : {
    "transaction" : "Total",
    "sampleCount" : 2375,
    "errorCount" : 14,
    "errorPct" : 0.58947366,
    "meanResTime" : 8662.426526315769,
    "medianResTime" : 5501.0,
    "minResTime" : 107.0,
    "maxResTime" : 32387.0,
    "pct1ResTime" : 23014.8,
    "pct2ResTime" : 26629.799999999996,
    "pct3ResTime" : 29230.559999999983,
    "throughput" : 3.906654801402119,
    "receivedKBytesPerSec" : 26.38507907943175,
    "sentKBytesPerSec" : 0.6449562593451295
  },
  "TitleBasics by primary_title" : {
    "transaction" : "TitleBasics by primary_title",
    "sampleCount" : 2375,
    "errorCount" : 14,
    "errorPct" : 0.58947366,
    "meanResTime" : 8662.426526315769,
    "medianResTime" : 5501.0,
    "minResTime" : 107.0,
    "maxResTime" : 32387.0,
    "pct1ResTime" : 23014.8,
    "pct2ResTime" : 26629.799999999996,
    "pct3ResTime" : 29230.559999999983,
    "throughput" : 3.906654801402119,
    "receivedKBytesPerSec" : 26.38507907943175,
    "sentKBytesPerSec" : 0.6449562593451295
  }
}