{
  "Total" : {
    "transaction" : "Total",
    "sampleCount" : 1037,
    "errorCount" : 0,
    "errorPct" : 0.0,
    "meanResTime" : 982.9479267116686,
    "medianResTime" : 727.0,
    "minResTime" : 111.0,
    "maxResTime" : 3754.0,
    "pct1ResTime" : 2226.6000000000004,
    "pct2ResTime" : 2714.199999999997,
    "pct3ResTime" : 3224.739999999997,
    "throughput" : 0.7992477668077105,
    "receivedKBytesPerSec" : 4.17197221443463,
    "sentKBytesPerSec" : 0.13147130810346289
  },
  "TitleBasics by primary_title" : {
    "transaction" : "TitleBasics by primary_title",
    "sampleCount" : 1037,
    "errorCount" : 0,
    "errorPct" : 0.0,
    "meanResTime" : 982.9479267116686,
    "medianResTime" : 727.0,
    "minResTime" : 111.0,
    "maxResTime" : 3754.0,
    "pct1ResTime" : 2226.6000000000004,
    "pct2ResTime" : 2714.199999999997,
    "pct3ResTime" : 3224.739999999997,
    "throughput" : 0.7992477668077105,
    "receivedKBytesPerSec" : 4.17197221443463,
    "sentKBytesPerSec" : 0.13147130810346289
  }
}