{
  "Total" : {
    "transaction" : "Total",
    "sampleCount" : 37743,
    "errorCount" : 0,
    "errorPct" : 0.0,
    "meanResTime" : 367.68227220942003,
    "medianResTime" : 233.0,
    "minResTime" : 4.0,
    "maxResTime" : 6116.0,
    "pct1ResTime" : 1561.9000000000015,
    "pct2ResTime" : 2069.9500000000007,
    "pct3ResTime" : 2504.0,
    "throughput" : 62.77714388362368,
    "receivedKBytesPerSec" : 264.538704933972,
    "sentKBytesPerSec" : 10.192049809076348
  },
  "TitleBasics by primary_title" : {
    "transaction" : "TitleBasics by primary_title",
    "sampleCount" : 37743,
    "errorCount" : 0,
    "errorPct" : 0.0,
    "meanResTime" : 367.68227220942003,
    "medianResTime" : 233.0,
    "minResTime" : 4.0,
    "maxResTime" : 6116.0,
    "pct1ResTime" : 1561.9000000000015,
    "pct2ResTime" : 2069.9500000000007,
    "pct3ResTime" : 2504.0,
    "throughput" : 62.77714388362368,
    "receivedKBytesPerSec" : 264.538704933972,
    "sentKBytesPerSec" : 10.192049809076348
  }
}