{
  "Total" : {
    "transaction" : "Total",
    "sampleCount" : 2235,
    "errorCount" : 0,
    "errorPct" : 0.0,
    "meanResTime" : 2795.647427293068,
    "medianResTime" : 2392.0,
    "minResTime" : 125.0,
    "maxResTime" : 7962.0,
    "pct1ResTime" : 6086.800000000001,
    "pct2ResTime" : 6673.2,
    "pct3ResTime" : 7360.079999999991,
    "throughput" : 3.7261551080835056,
    "receivedKBytesPerSec" : 17.536092113034208,
    "sentKBytesPerSec" : 0.6134046736780069
  },
  "TitleBasics by primary_title" : {
    "transaction" : "TitleBasics by primary_title",
    "sampleCount" : 2235,
    "errorCount" : 0,
    "errorPct" : 0.0,
    "meanResTime" : 2795.647427293068,
    "medianResTime" : 2392.0,
    "minResTime" : 125.0,
    "maxResTime" : 7962.0,
    "pct1ResTime" : 6086.800000000001,
    "pct2ResTime" : 6673.2,
    "pct3ResTime" : 7360.079999999991,
    "throughput" : 3.7261551080835056,
    "receivedKBytesPerSec" : 17.536092113034208,
    "sentKBytesPerSec" : 0.6134046736780069
  }
}