{
  "Directors by name" : {
    "transaction" : "Directors by name",
    "sampleCount" : 37218,
    "errorCount" : 1917,
    "errorPct" : 5.1507335,
    "meanResTime" : 5157.952979740943,
    "medianResTime" : 90.0,
    "minResTime" : 0.0,
    "maxResTime" : 129767.0,
    "pct1ResTime" : 16771.0,
    "pct2ResTime" : 17776.95,
    "pct3ResTime" : 18999.0,
    "throughput" : 30.592441896307257,
    "receivedKBytesPerSec" : 36.40612317109508,
    "sentKBytesPerSec" : 4.541137838296036
  },
  "Total" : {
    "transaction" : "Total",
    "sampleCount" : 149584,
    "errorCount" : 9193,
    "errorPct" : 6.145711,
    "meanResTime" : 5537.990720932904,
    "medianResTime" : 117.0,
    "minResTime" : 0.0,
    "maxResTime" : 228724.0,
    "pct1ResTime" : 16900.9,
    "pct2ResTime" : 17677.0,
    "pct3ResTime" : 19013.0,
    "throughput" : 119.45810054081336,
    "receivedKBytesPerSec" : 404.54392459563775,
    "sentKBytesPerSec" : 18.283259482601654
  },
  "TitleBasics by primary_title" : {
    "transaction" : "TitleBasics by primary_title",
    "sampleCount" : 37375,
    "errorCount" : 1961,
    "errorPct" : 5.246823,
    "meanResTime" : 5778.126394648798,
    "medianResTime" : 114.5,
    "minResTime" : 0.0,
    "maxResTime" : 219634.0,
    "pct1ResTime" : 16958.0,
    "pct2ResTime" : 18744.0,
    "pct3ResTime" : 32538.970000000005,
    "throughput" : 29.882644160271717,
    "receivedKBytesPerSec" : 116.20288436476093,
    "sentKBytesPerSec" : 4.659704581079309
  },
  "Actors by name" : {
    "transaction" : "Actors by name",
    "sampleCount" : 37571,
    "errorCount" : 1860,
    "errorPct" : 4.950627,
    "meanResTime" : 5073.276170450627,
    "medianResTime" : 88.0,
    "minResTime" : 0.0,
    "maxResTime" : 129785.0,
    "pct1ResTime" : 16758.9,
    "pct2ResTime" : 17745.800000000003,
    "pct3ResTime" : 18999.0,
    "throughput" : 30.87623045529928,
    "receivedKBytesPerSec" : 32.36261301559344,
    "sentKBytesPerSec" : 4.507238825127833
  },
  "TitleBasics by params" : {
    "transaction" : "TitleBasics by params",
    "sampleCount" : 37420,
    "errorCount" : 3455,
    "errorPct" : 9.23303,
    "meanResTime" : 6142.7198556921585,
    "medianResTime" : 140.5,
    "minResTime" : 0.0,
    "maxResTime" : 228724.0,
    "pct1ResTime" : 17220.800000000003,
    "pct2ResTime" : 18978.0,
    "pct3ResTime" : 34369.92000000001,
    "throughput" : 29.883691586247433,
    "receivedKBytesPerSec" : 221.65731572206008,
    "sentKBytesPerSec" : 4.837056653533654
  }
}