{
  "Directors by name" : {
    "transaction" : "Directors by name",
    "sampleCount" : 567,
    "errorCount" : 0,
    "errorPct" : 0.0,
    "meanResTime" : 6875.220458553794,
    "medianResTime" : 6690.0,
    "minResTime" : 1142.0,
    "maxResTime" : 20556.0,
    "pct1ResTime" : 12746.2,
    "pct2ResTime" : 13640.2,
    "pct3ResTime" : 16454.64000000003,
    "throughput" : 0.9606473441574175,
    "receivedKBytesPerSec" : 1.0798612758311632,
    "sentKBytesPerSec" : 0.1503625670716521
  },
  "Total" : {
    "transaction" : "Total",
    "sampleCount" : 2410,
    "errorCount" : 40,
    "errorPct" : 1.659751,
    "meanResTime" : 8586.485892116192,
    "medianResTime" : 2978.0,
    "minResTime" : 0.0,
    "maxResTime" : 50224.0,
    "pct1ResTime" : 30254.100000000006,
    "pct2ResTime" : 35579.85,
    "pct3ResTime" : 43111.48999999997,
    "throughput" : 3.9182850593026752,
    "receivedKBytesPerSec" : 14.32492303913001,
    "sentKBytesPerSec" : 0.628649258614943
  },
  "TitleBasics by primary_title" : {
    "transaction" : "TitleBasics by primary_title",
    "sampleCount" : 631,
    "errorCount" : 0,
    "errorPct" : 0.0,
    "meanResTime" : 2020.5372424722648,
    "medianResTime" : 1390.0,
    "minResTime" : 136.0,
    "maxResTime" : 14920.0,
    "pct1ResTime" : 4301.600000000002,
    "pct2ResTime" : 6034.799999999997,
    "pct3ResTime" : 10915.159999999963,
    "throughput" : 1.0429734826884585,
    "receivedKBytesPerSec" : 5.16995529759455,
    "sentKBytesPerSec" : 0.1720329026315659
  },
  "Actors by name" : {
    "transaction" : "Actors by name",
    "sampleCount" : 614,
    "errorCount" : 0,
    "errorPct" : 0.0,
    "meanResTime" : 24870.112377850182,
    "medianResTime" : 25524.5,
    "minResTime" : 5506.0,
    "maxResTime" : 50224.0,
    "pct1ResTime" : 38931.5,
    "pct2ResTime" : 42101.25,
    "pct3ResTime" : 46347.65,
    "throughput" : 1.001815995444511,
    "receivedKBytesPerSec" : 0.9983918196788316,
    "sentKBytesPerSec" : 0.1540719756455921
  },
  "TitleBasics by params" : {
    "transaction" : "TitleBasics by params",
    "sampleCount" : 598,
    "errorCount" : 40,
    "errorPct" : 6.6889634,
    "meanResTime" : 418.0150501672239,
    "medianResTime" : 196.0,
    "minResTime" : 0.0,
    "maxResTime" : 14262.0,
    "pct1ResTime" : 623.8000000000002,
    "pct2ResTime" : 1185.2999999999997,
    "pct3ResTime" : 6295.759999999998,
    "throughput" : 1.02586271966843,
    "receivedKBytesPerSec" : 7.6059074864390555,
    "sentKBytesPerSec" : 0.17052535203988856
  }
}