{
  "Directors by name" : {
    "transaction" : "Directors by name",
    "sampleCount" : 628,
    "errorCount" : 17,
    "errorPct" : 2.7070065,
    "meanResTime" : 6453.238853503188,
    "medianResTime" : 6079.5,
    "minResTime" : 1088.0,
    "maxResTime" : 17357.0,
    "pct1ResTime" : 11821.3,
    "pct2ResTime" : 12803.05,
    "pct3ResTime" : 14959.340000000002,
    "throughput" : 1.0519985459637933,
    "receivedKBytesPerSec" : 10.057707585445568,
    "sentKBytesPerSec" : 0.16494079262562422
  },
  "Total" : {
    "transaction" : "Total",
    "sampleCount" : 2528,
    "errorCount" : 114,
    "errorPct" : 4.509494,
    "meanResTime" : 8190.500791139243,
    "medianResTime" : 2564.0,
    "minResTime" : 0.0,
    "maxResTime" : 49129.0,
    "pct1ResTime" : 28797.1,
    "pct2ResTime" : 37162.549999999996,
    "pct3ResTime" : 43208.93000000001,
    "throughput" : 4.107436767733225,
    "receivedKBytesPerSec" : 48.21460658964951,
    "sentKBytesPerSec" : 0.6570748156080972
  },
  "TitleBasics by primary_title" : {
    "transaction" : "TitleBasics by primary_title",
    "sampleCount" : 643,
    "errorCount" : 16,
    "errorPct" : 2.4883358,
    "meanResTime" : 1700.5085536547429,
    "medianResTime" : 1306.0,
    "minResTime" : 108.0,
    "maxResTime" : 10470.0,
    "pct1ResTime" : 3366.6000000000013,
    "pct2ResTime" : 4222.799999999998,
    "pct3ResTime" : 8627.199999999999,
    "throughput" : 1.0694653504869143,
    "receivedKBytesPerSec" : 13.32516514185385,
    "sentKBytesPerSec" : 0.1755939727186541
  },
  "Actors by name" : {
    "transaction" : "Actors by name",
    "sampleCount" : 616,
    "errorCount" : 18,
    "errorPct" : 2.922078,
    "meanResTime" : 24706.35551948054,
    "medianResTime" : 25606.5,
    "minResTime" : 1140.0,
    "maxResTime" : 49129.0,
    "pct1ResTime" : 40989.5,
    "pct2ResTime" : 42712.95,
    "pct3ResTime" : 45847.35,
    "throughput" : 1.004377848250899,
    "receivedKBytesPerSec" : 10.152025710177478,
    "sentKBytesPerSec" : 0.15422877365220156
  },
  "TitleBasics by params" : {
    "transaction" : "TitleBasics by params",
    "sampleCount" : 641,
    "errorCount" : 63,
    "errorPct" : 9.828393,
    "meanResTime" : 531.0608424336971,
    "medianResTime" : 181.0,
    "minResTime" : 0.0,
    "maxResTime" : 12344.0,
    "pct1ResTime" : 915.4000000000002,
    "pct2ResTime" : 2190.499999999999,
    "pct3ResTime" : 9220.64000000002,
    "throughput" : 1.0879158180583843,
    "receivedKBytesPerSec" : 16.0091841957315,
    "sentKBytesPerSec" : 0.17953534718686354
  }
}