{
  "Directors by name" : {
    "transaction" : "Directors by name",
    "sampleCount" : 722,
    "errorCount" : 0,
    "errorPct" : 0.0,
    "meanResTime" : 6386.9362880886465,
    "medianResTime" : 6424.5,
    "minResTime" : 1053.0,
    "maxResTime" : 16718.0,
    "pct1ResTime" : 11408.900000000001,
    "pct2ResTime" : 12592.6,
    "pct3ResTime" : 15440.14999999999,
    "throughput" : 0.16595164187543746,
    "receivedKBytesPerSec" : 0.18637843115650135,
    "sentKBytesPerSec" : 0.026013219746291658
  },
  "Total" : {
    "transaction" : "Total",
    "sampleCount" : 2873,
    "errorCount" : 36,
    "errorPct" : 1.2530456,
    "meanResTime" : 7835.278802645326,
    "medianResTime" : 2628.0,
    "minResTime" : 0.0,
    "maxResTime" : 47863.0,
    "pct1ResTime" : 25734.19999999998,
    "pct2ResTime" : 35016.69999999991,
    "pct3ResTime" : 42299.97999999998,
    "throughput" : 0.6589812283244949,
    "receivedKBytesPerSec" : 2.4119605978167376,
    "sentKBytesPerSec" : 0.10613645984813384
  },
  "TitleBasics by primary_title" : {
    "transaction" : "TitleBasics by primary_title",
    "sampleCount" : 705,
    "errorCount" : 0,
    "errorPct" : 0.0,
    "meanResTime" : 1623.5120567375886,
    "medianResTime" : 1175.0,
    "minResTime" : 101.0,
    "maxResTime" : 11453.0,
    "pct1ResTime" : 3448.3999999999983,
    "pct2ResTime" : 4193.699999999999,
    "pct3ResTime" : 7452.139999999989,
    "throughput" : 0.1623274206241938,
    "receivedKBytesPerSec" : 0.8235764611943063,
    "sentKBytesPerSec" : 0.026712340585262884
  },
  "Actors by name" : {
    "transaction" : "Actors by name",
    "sampleCount" : 719,
    "errorCount" : 0,
    "errorPct" : 0.0,
    "meanResTime" : 22828.600834492347,
    "medianResTime" : 21464.0,
    "minResTime" : 5308.0,
    "maxResTime" : 47863.0,
    "pct1ResTime" : 39206.0,
    "pct2ResTime" : 41892.0,
    "pct3ResTime" : 45183.8,
    "throughput" : 0.1649616045556017,
    "receivedKBytesPerSec" : 0.16469834030328614,
    "sentKBytesPerSec" : 0.02535313168937661
  },
  "TitleBasics by params" : {
    "transaction" : "TitleBasics by params",
    "sampleCount" : 727,
    "errorCount" : 36,
    "errorPct" : 4.951857,
    "meanResTime" : 469.1169188445668,
    "medianResTime" : 176.0,
    "minResTime" : 0.0,
    "maxResTime" : 13375.0,
    "pct1ResTime" : 874.8000000000002,
    "pct2ResTime" : 1469.6,
    "pct3ResTime" : 6196.720000000023,
    "throughput" : 0.16757109728182162,
    "receivedKBytesPerSec" : 1.2469855444141775,
    "sentKBytesPerSec" : 0.028359647076137896
  }
}