{
  "Directors by name" : {
    "transaction" : "Directors by name",
    "sampleCount" : 11274,
    "errorCount" : 0,
    "errorPct" : 0.0,
    "meanResTime" : 52.45964165336162,
    "medianResTime" : 45.0,
    "minResTime" : 37.0,
    "maxResTime" : 359.0,
    "pct1ResTime" : 73.0,
    "pct2ResTime" : 88.0,
    "pct3ResTime" : 140.0,
    "throughput" : 18.963133408015178,
    "receivedKBytesPerSec" : 22.50966197686965,
    "sentKBytesPerSec" : 2.9598900066986586
  },
  "Total" : {
    "transaction" : "Total",
    "sampleCount" : 45182,
    "errorCount" : 354,
    "errorPct" : 0.78349787,
    "meanResTime" : 60.813487672081735,
    "medianResTime" : 49.0,
    "minResTime" : 0.0,
    "maxResTime" : 1410.0,
    "pct1ResTime" : 109.0,
    "pct2ResTime" : 136.0,
    "pct3ResTime" : 217.9900000000016,
    "throughput" : 75.45222572543152,
    "receivedKBytesPerSec" : 269.81225047113804,
    "sentKBytesPerSec" : 12.182785814528168
  },
  "TitleBasics by primary_title" : {
    "transaction" : "TitleBasics by primary_title",
    "sampleCount" : 11345,
    "errorCount" : 25,
    "errorPct" : 0.2203614,
    "meanResTime" : 59.26778316438967,
    "medianResTime" : 48.0,
    "minResTime" : 0.0,
    "maxResTime" : 613.0,
    "pct1ResTime" : 93.0,
    "pct2ResTime" : 116.0,
    "pct3ResTime" : 159.0,
    "throughput" : 18.964468159084223,
    "receivedKBytesPerSec" : 80.25460114543213,
    "sentKBytesPerSec" : 3.1018523814867005
  },
  "Actors by name" : {
    "transaction" : "Actors by name",
    "sampleCount" : 11220,
    "errorCount" : 0,
    "errorPct" : 0.0,
    "meanResTime" : 51.93279857397509,
    "medianResTime" : 45.0,
    "minResTime" : 36.0,
    "maxResTime" : 400.0,
    "pct1ResTime" : 73.0,
    "pct2ResTime" : 87.0,
    "pct3ResTime" : 140.0,
    "throughput" : 18.736974295943995,
    "receivedKBytesPerSec" : 20.830946896667758,
    "sentKBytesPerSec" : 2.8707512120793366
  },
  "TitleBasics by params" : {
    "transaction" : "TitleBasics by params",
    "sampleCount" : 11343,
    "errorCount" : 329,
    "errorPct" : 2.9004672,
    "meanResTime" : 79.44688354050975,
    "medianResTime" : 51.0,
    "minResTime" : 0.0,
    "maxResTime" : 1410.0,
    "pct1ResTime" : 129.0,
    "pct2ResTime" : 162.0,
    "pct3ResTime" : 591.6799999999985,
    "throughput" : 18.9808601711507,
    "receivedKBytesPerSec" : 146.75531626034135,
    "sentKBytesPerSec" : 3.2812357503405276
  }
}