{
  "Directors by name" : {
    "transaction" : "Directors by name",
    "sampleCount" : 163,
    "errorCount" : 0,
    "errorPct" : 0.0,
    "meanResTime" : 24696.791411042945,
    "medianResTime" : 24883.0,
    "minResTime" : 1082.0,
    "maxResTime" : 67767.0,
    "pct1ResTime" : 48743.2,
    "pct2ResTime" : 55589.199999999975,
    "pct3ResTime" : 63581.39999999991,
    "throughput" : 0.25569710403421003,
    "receivedKBytesPerSec" : 0.2862667198257809,
    "sentKBytesPerSec" : 0.04001394961041488
  },
  "Total" : {
    "transaction" : "Total",
    "sampleCount" : 741,
    "errorCount" : 9,
    "errorPct" : 1.2145749,
    "meanResTime" : 30577.550607287445,
    "medianResTime" : 8197.0,
    "minResTime" : 0.0,
    "maxResTime" : 164053.0,
    "pct1ResTime" : 112564.20000000004,
    "pct2ResTime" : 133135.8,
    "pct3ResTime" : 152989.32,
    "throughput" : 1.1315067363589304,
    "receivedKBytesPerSec" : 4.116401834823685,
    "sentKBytesPerSec" : 0.1819947964623999
  },
  "TitleBasics by primary_title" : {
    "transaction" : "TitleBasics by primary_title",
    "sampleCount" : 183,
    "errorCount" : 0,
    "errorPct" : 0.0,
    "meanResTime" : 4596.579234972676,
    "medianResTime" : 2768.0,
    "minResTime" : 104.0,
    "maxResTime" : 30626.0,
    "pct1ResTime" : 11181.599999999999,
    "pct2ResTime" : 14300.599999999997,
    "pct3ResTime" : 19550.599999999955,
    "throughput" : 0.31888977566191407,
    "receivedKBytesPerSec" : 1.6193774575641353,
    "sentKBytesPerSec" : 0.05237741421777906
  },
  "Actors by name" : {
    "transaction" : "Actors by name",
    "sampleCount" : 209,
    "errorCount" : 0,
    "errorPct" : 0.0,
    "meanResTime" : 83971.89952153112,
    "medianResTime" : 89822.0,
    "minResTime" : 5481.0,
    "maxResTime" : 164053.0,
    "pct1ResTime" : 143161.0,
    "pct2ResTime" : 149150.0,
    "pct3ResTime" : 163588.50000000003,
    "throughput" : 0.3201254769333511,
    "receivedKBytesPerSec" : 0.30656753115862445,
    "sentKBytesPerSec" : 0.04922234351378301
  },
  "TitleBasics by params" : {
    "transaction" : "TitleBasics by params",
    "sampleCount" : 186,
    "errorCount" : 9,
    "errorPct" : 4.83871,
    "meanResTime" : 1296.1666666666663,
    "medianResTime" : 428.0,
    "minResTime" : 0.0,
    "maxResTime" : 35635.0,
    "pct1ResTime" : 1532.800000000003,
    "pct2ResTime" : 3816.150000000005,
    "pct3ResTime" : 22551.06999999993,
    "throughput" : 0.3128753242296707,
    "receivedKBytesPerSec" : 2.3277313695150097,
    "sentKBytesPerSec" : 0.05295902416120817
  }
}