{
  "Directors by name" : {
    "transaction" : "Directors by name",
    "sampleCount" : 357,
    "errorCount" : 0,
    "errorPct" : 0.0,
    "meanResTime" : 6654.498599439776,
    "medianResTime" : 6783.0,
    "minResTime" : 1136.0,
    "maxResTime" : 8132.0,
    "pct1ResTime" : 7511.6,
    "pct2ResTime" : 7713.5,
    "pct3ResTime" : 7997.180000000003,
    "throughput" : 0.2973092265796114,
    "receivedKBytesPerSec" : 0.33772193441500037,
    "sentKBytesPerSec" : 0.0464675791367206
  },
  "Total" : {
    "transaction" : "Total",
    "sampleCount" : 1413,
    "errorCount" : 24,
    "errorPct" : 1.6985137,
    "meanResTime" : 11542.615003538549,
    "medianResTime" : 5681.0,
    "minResTime" : 0.0,
    "maxResTime" : 38928.0,
    "pct1ResTime" : 35408.8,
    "pct2ResTime" : 36493.6,
    "pct3ResTime" : 37795.99999999999,
    "throughput" : 1.171848759357996,
    "receivedKBytesPerSec" : 4.1059145590701345,
    "sentKBytesPerSec" : 0.18742702509854559
  },
  "TitleBasics by primary_title" : {
    "transaction" : "TitleBasics by primary_title",
    "sampleCount" : 335,
    "errorCount" : 0,
    "errorPct" : 0.0,
    "meanResTime" : 2139.97014925373,
    "medianResTime" : 2480.0,
    "minResTime" : 104.0,
    "maxResTime" : 3724.0,
    "pct1ResTime" : 2893.6000000000004,
    "pct2ResTime" : 2982.4,
    "pct3ResTime" : 3161.7599999999993,
    "throughput" : 0.2795830123692532,
    "receivedKBytesPerSec" : 1.3433994714942168,
    "sentKBytesPerSec" : 0.046067951816580195
  },
  "Actors by name" : {
    "transaction" : "Actors by name",
    "sampleCount" : 376,
    "errorCount" : 0,
    "errorPct" : 0.0,
    "meanResTime" : 34607.70744680854,
    "medianResTime" : 34846.0,
    "minResTime" : 11496.0,
    "maxResTime" : 38928.0,
    "pct1ResTime" : 36959.6,
    "pct2ResTime" : 37598.65,
    "pct3ResTime" : 38651.83,
    "throughput" : 0.3119922864885766,
    "receivedKBytesPerSec" : 0.3014119504973622,
    "sentKBytesPerSec" : 0.047948199530683945
  },
  "TitleBasics by params" : {
    "transaction" : "TitleBasics by params",
    "sampleCount" : 345,
    "errorCount" : 24,
    "errorPct" : 6.9565215,
    "meanResTime" : 593.2492753623186,
    "medianResTime" : 328.0,
    "minResTime" : 0.0,
    "maxResTime" : 7702.0,
    "pct1ResTime" : 737.2000000000007,
    "pct2ResTime" : 2853.5999999999985,
    "pct3ResTime" : 6870.480000000005,
    "throughput" : 0.2880612393145979,
    "receivedKBytesPerSec" : 2.1478549848579984,
    "sentKBytesPerSec" : 0.04777292784817419
  }
}