{
  "Directors by name" : {
    "transaction" : "Directors by name",
    "sampleCount" : 9819,
    "errorCount" : 0,
    "errorPct" : 0.0,
    "meanResTime" : 285.2202871982894,
    "medianResTime" : 263.0,
    "minResTime" : 4.0,
    "maxResTime" : 2725.0,
    "pct1ResTime" : 529.0,
    "pct2ResTime" : 675.0,
    "pct3ResTime" : 1002.7999999999993,
    "throughput" : 16.40083582628042,
    "receivedKBytesPerSec" : 19.164121326452467,
    "sentKBytesPerSec" : 2.5284347862579737
  },
  "Total" : {
    "transaction" : "Total",
    "sampleCount" : 39494,
    "errorCount" : 0,
    "errorPct" : 0.0,
    "meanResTime" : 305.4014027447241,
    "medianResTime" : 290.0,
    "minResTime" : 4.0,
    "maxResTime" : 2971.0,
    "pct1ResTime" : 630.0,
    "pct2ResTime" : 790.0,
    "pct3ResTime" : 1352.0,
    "throughput" : 65.92672841907057,
    "receivedKBytesPerSec" : 234.34608094736913,
    "sentKBytesPerSec" : 10.615553348564166
  },
  "TitleBasics by primary_title" : {
    "transaction" : "TitleBasics by primary_title",
    "sampleCount" : 9775,
    "errorCount" : 0,
    "errorPct" : 0.0,
    "meanResTime" : 301.317340153452,
    "medianResTime" : 269.0,
    "minResTime" : 4.0,
    "maxResTime" : 2898.0,
    "pct1ResTime" : 573.3999999999996,
    "pct2ResTime" : 729.1999999999989,
    "pct3ResTime" : 1133.199999999999,
    "throughput" : 16.31802026940175,
    "receivedKBytesPerSec" : 68.51061208643627,
    "sentKBytesPerSec" : 2.648246644894004
  },
  "Actors by name" : {
    "transaction" : "Actors by name",
    "sampleCount" : 9926,
    "errorCount" : 0,
    "errorPct" : 0.0,
    "meanResTime" : 284.4363288333672,
    "medianResTime" : 265.0,
    "minResTime" : 4.0,
    "maxResTime" : 2400.0,
    "pct1ResTime" : 517.0,
    "pct2ResTime" : 682.0,
    "pct3ResTime" : 999.7299999999996,
    "throughput" : 16.570177020105906,
    "receivedKBytesPerSec" : 18.358264150945363,
    "sentKBytesPerSec" : 2.506594863366153
  },
  "TitleBasics by params" : {
    "transaction" : "TitleBasics by params",
    "sampleCount" : 9974,
    "errorCount" : 0,
    "errorPct" : 0.0,
    "meanResTime" : 350.1356526970101,
    "medianResTime" : 286.0,
    "minResTime" : 4.0,
    "maxResTime" : 2971.0,
    "pct1ResTime" : 674.5,
    "pct2ResTime" : 923.25,
    "pct3ResTime" : 1934.25,
    "throughput" : 16.67608534999047,
    "receivedKBytesPerSec" : 128.53440641709108,
    "sentKBytesPerSec" : 2.9387869225274286
  }
}