{
  "Directors by name" : {
    "transaction" : "Directors by name",
    "sampleCount" : 11401,
    "errorCount" : 0,
    "errorPct" : 0.0,
    "meanResTime" : 101.32970792035827,
    "medianResTime" : 64.0,
    "minResTime" : 38.0,
    "maxResTime" : 1209.0,
    "pct1ResTime" : 212.0,
    "pct2ResTime" : 266.0,
    "pct3ResTime" : 405.97999999999956,
    "throughput" : 19.041813156070717,
    "receivedKBytesPerSec" : 22.34171478460838,
    "sentKBytesPerSec" : 2.9734385960608614
  },
  "Total" : {
    "transaction" : "Total",
    "sampleCount" : 45440,
    "errorCount" : 0,
    "errorPct" : 0.0,
    "meanResTime" : 108.04918573943604,
    "medianResTime" : 68.0,
    "minResTime" : 37.0,
    "maxResTime" : 2396.0,
    "pct1ResTime" : 213.0,
    "pct2ResTime" : 265.0,
    "pct3ResTime" : 486.9800000000032,
    "throughput" : 75.88396299988811,
    "receivedKBytesPerSec" : 270.60129722081666,
    "sentKBytesPerSec" : 12.362969857145602
  },
  "TitleBasics by primary_title" : {
    "transaction" : "TitleBasics by primary_title",
    "sampleCount" : 11357,
    "errorCount" : 0,
    "errorPct" : 0.0,
    "meanResTime" : 104.79211059258618,
    "medianResTime" : 68.0,
    "minResTime" : 38.0,
    "maxResTime" : 1152.0,
    "pct1ResTime" : 215.0,
    "pct2ResTime" : 274.0,
    "pct3ResTime" : 413.4200000000001,
    "throughput" : 18.980656676906005,
    "receivedKBytesPerSec" : 80.22090629575112,
    "sentKBytesPerSec" : 3.115259280896839
  },
  "Actors by name" : {
    "transaction" : "Actors by name",
    "sampleCount" : 11291,
    "errorCount" : 0,
    "errorPct" : 0.0,
    "meanResTime" : 99.58471348861897,
    "medianResTime" : 64.0,
    "minResTime" : 37.0,
    "maxResTime" : 1216.0,
    "pct1ResTime" : 208.0,
    "pct2ResTime" : 264.0,
    "pct3ResTime" : 391.0799999999999,
    "throughput" : 18.87817715491441,
    "receivedKBytesPerSec" : 21.036774465681212,
    "sentKBytesPerSec" : 2.891903336179857
  },
  "TitleBasics by params" : {
    "transaction" : "TitleBasics by params",
    "sampleCount" : 11391,
    "errorCount" : 0,
    "errorPct" : 0.0,
    "meanResTime" : 126.41207971205353,
    "medianResTime" : 74.0,
    "minResTime" : 40.0,
    "maxResTime" : 2396.0,
    "pct1ResTime" : 234.8000000000011,
    "pct2ResTime" : 303.0,
    "pct3ResTime" : 1145.4799999999996,
    "throughput" : 19.024729977770242,
    "receivedKBytesPerSec" : 147.10689899594487,
    "sentKBytesPerSec" : 3.388929427830119
  }
}