{
  "Directors by name" : {
    "transaction" : "Directors by name",
    "sampleCount" : 11300,
    "errorCount" : 0,
    "errorPct" : 0.0,
    "meanResTime" : 51.337256637167826,
    "medianResTime" : 45.0,
    "minResTime" : 37.0,
    "maxResTime" : 334.0,
    "pct1ResTime" : 70.0,
    "pct2ResTime" : 80.0,
    "pct3ResTime" : 111.0,
    "throughput" : 18.932508121710896,
    "receivedKBytesPerSec" : 22.468172665835368,
    "sentKBytesPerSec" : 2.955709227147374
  },
  "Total" : {
    "transaction" : "Total",
    "sampleCount" : 45236,
    "errorCount" : 23,
    "errorPct" : 0.05084446,
    "meanResTime" : 59.28634273587419,
    "medianResTime" : 49.0,
    "minResTime" : 0.0,
    "maxResTime" : 1478.0,
    "pct1ResTime" : 106.0,
    "pct2ResTime" : 133.0,
    "pct3ResTime" : 253.0,
    "throughput" : 75.55338057785744,
    "receivedKBytesPerSec" : 270.33380293922625,
    "sentKBytesPerSec" : 12.30348475687665
  },
  "TitleBasics by primary_title" : {
    "transaction" : "TitleBasics by primary_title",
    "sampleCount" : 11287,
    "errorCount" : 23,
    "errorPct" : 0.20377426,
    "meanResTime" : 57.641091521218925,
    "medianResTime" : 48.0,
    "minResTime" : 0.0,
    "maxResTime" : 370.0,
    "pct1ResTime" : 87.0,
    "pct2ResTime" : 108.0,
    "pct3ResTime" : 144.0,
    "throughput" : 18.9283600061043,
    "receivedKBytesPerSec" : 79.9258106565518,
    "sentKBytesPerSec" : 3.1006912825905038
  },
  "Actors by name" : {
    "transaction" : "Actors by name",
    "sampleCount" : 11272,
    "errorCount" : 0,
    "errorPct" : 0.0,
    "meanResTime" : 50.88759758694123,
    "medianResTime" : 45.0,
    "minResTime" : 37.0,
    "maxResTime" : 330.0,
    "pct1ResTime" : 70.0,
    "pct2ResTime" : 80.0,
    "pct3ResTime" : 109.0,
    "throughput" : 18.846031666415875,
    "receivedKBytesPerSec" : 21.21676444863821,
    "sentKBytesPerSec" : 2.8868344138202002
  },
  "TitleBasics by params" : {
    "transaction" : "TitleBasics by params",
    "sampleCount" : 11377,
    "errorCount" : 0,
    "errorPct" : 0.0,
    "meanResTime" : 77.13509712578035,
    "medianResTime" : 51.0,
    "minResTime" : 39.0,
    "maxResTime" : 1478.0,
    "pct1ResTime" : 120.0,
    "pct2ResTime" : 150.0,
    "pct3ResTime" : 399.31999999999607,
    "throughput" : 19.001919065219827,
    "receivedKBytesPerSec" : 147.13935948066654,
    "sentKBytesPerSec" : 3.385049895800103
  }
}