{
  "Directors by name" : {
    "transaction" : "Directors by name",
    "sampleCount" : 391,
    "errorCount" : 0,
    "errorPct" : 0.0,
    "meanResTime" : 6549.544757033246,
    "medianResTime" : 6630.0,
    "minResTime" : 1255.0,
    "maxResTime" : 7908.0,
    "pct1ResTime" : 7365.2,
    "pct2ResTime" : 7503.8,
    "pct3ResTime" : 7716.199999999999,
    "throughput" : 0.324530882724001,
    "receivedKBytesPerSec" : 0.3698527345150629,
    "sentKBytesPerSec" : 0.050874112986962323
  },
  "Total" : {
    "transaction" : "Total",
    "sampleCount" : 1556,
    "errorCount" : 24,
    "errorPct" : 1.5424165,
    "meanResTime" : 10408.021850899751,
    "medianResTime" : 3161.0,
    "minResTime" : 0.0,
    "maxResTime" : 38495.0,
    "pct1ResTime" : 34730.5,
    "pct2ResTime" : 35839.399999999994,
    "pct3ResTime" : 37099.3,
    "throughput" : 1.2864703173431247,
    "receivedKBytesPerSec" : 4.744581920658431,
    "sentKBytesPerSec" : 0.20674273916276908
  },
  "TitleBasics by primary_title" : {
    "transaction" : "TitleBasics by primary_title",
    "sampleCount" : 397,
    "errorCount" : 0,
    "errorPct" : 0.0,
    "meanResTime" : 2106.869017632241,
    "medianResTime" : 2487.0,
    "minResTime" : 118.0,
    "maxResTime" : 4717.0,
    "pct1ResTime" : 2916.6,
    "pct2ResTime" : 3019.2,
    "pct3ResTime" : 3479.18,
    "throughput" : 0.33082010052931216,
    "receivedKBytesPerSec" : 1.6000686469937035,
    "sentKBytesPerSec" : 0.054389914247180114
  },
  "Actors by name" : {
    "transaction" : "Actors by name",
    "sampleCount" : 370,
    "errorCount" : 0,
    "errorPct" : 0.0,
    "meanResTime" : 34008.34864864862,
    "medianResTime" : 34329.5,
    "minResTime" : 12828.0,
    "maxResTime" : 38495.0,
    "pct1ResTime" : 36568.0,
    "pct2ResTime" : 37060.05,
    "pct3ResTime" : 38101.030000000006,
    "throughput" : 0.3059087515533137,
    "receivedKBytesPerSec" : 0.30393868885855524,
    "sentKBytesPerSec" : 0.04698438046450177
  },
  "TitleBasics by params" : {
    "transaction" : "TitleBasics by params",
    "sampleCount" : 398,
    "errorCount" : 24,
    "errorPct" : 6.030151,
    "meanResTime" : 538.9296482412065,
    "medianResTime" : 327.0,
    "minResTime" : 0.0,
    "maxResTime" : 7293.0,
    "pct1ResTime" : 655.5000000000006,
    "pct2ResTime" : 1584.449999999956,
    "pct3ResTime" : 6500.799999999995,
    "throughput" : 0.3326844037050009,
    "receivedKBytesPerSec" : 2.512054095539354,
    "sentKBytesPerSec" : 0.055724670272558806
  }
}