{
  "Directors by name" : {
    "transaction" : "Directors by name",
    "sampleCount" : 3238906,
    "errorCount" : 15782,
    "errorPct" : 0.4872633,
    "meanResTime" : 233.73440785253035,
    "medianResTime" : 52.0,
    "minResTime" : 0.0,
    "maxResTime" : 62031.0,
    "pct1ResTime" : 92.90000000000146,
    "pct2ResTime" : 110.0,
    "pct3ResTime" : 159.9900000000016,
    "throughput" : 1079.9391562159487,
    "receivedKBytesPerSec" : 1266.2591777643026,
    "sentKBytesPerSec" : 167.81417917032326
  },
  "Total" : {
    "transaction" : "Total",
    "sampleCount" : 3238906,
    "errorCount" : 15782,
    "errorPct" : 0.4872633,
    "meanResTime" : 233.73440785253035,
    "medianResTime" : 52.0,
    "minResTime" : 0.0,
    "maxResTime" : 62031.0,
    "pct1ResTime" : 92.90000000000146,
    "pct2ResTime" : 110.0,
    "pct3ResTime" : 159.9900000000016,
    "throughput" : 1079.9391562159487,
    "receivedKBytesPerSec" : 1266.2591777643026,
    "sentKBytesPerSec" : 167.81417917032326
  }
}