{
  "Directors by name" : {
    "transaction" : "Directors by name",
    "sampleCount" : 1544018,
    "errorCount" : 0,
    "errorPct" : 0.0,
    "meanResTime" : 50.37393216918392,
    "medianResTime" : 46.0,
    "minResTime" : 36.0,
    "maxResTime" : 1146.0,
    "pct1ResTime" : 68.0,
    "pct2ResTime" : 81.0,
    "pct3ResTime" : 107.0,
    "throughput" : 183.84202248633196,
    "receivedKBytesPerSec" : 215.95722045302304,
    "sentKBytesPerSec" : 28.72207817417293
  },
  "Total" : {
    "transaction" : "Total",
    "sampleCount" : 1544018,
    "errorCount" : 0,
    "errorPct" : 0.0,
    "meanResTime" : 50.37393216918392,
    "medianResTime" : 46.0,
    "minResTime" : 36.0,
    "maxResTime" : 1146.0,
    "pct1ResTime" : 68.0,
    "pct2ResTime" : 81.0,
    "pct3ResTime" : 107.0,
    "throughput" : 183.84202248633196,
    "receivedKBytesPerSec" : 215.95722045302304,
    "sentKBytesPerSec" : 28.72207817417293
  }
}