{
  "Directors by name" : {
    "transaction" : "Directors by name",
    "sampleCount" : 559,
    "errorCount" : 0,
    "errorPct" : 0.0,
    "meanResTime" : 2304.1932021466887,
    "medianResTime" : 2392.0,
    "minResTime" : 1106.0,
    "maxResTime" : 5551.0,
    "pct1ResTime" : 2916.0,
    "pct2ResTime" : 3234.0,
    "pct3ResTime" : 3912.8,
    "throughput" : 0.43069076172168436,
    "receivedKBytesPerSec" : 0.47332148460222745,
    "sentKBytesPerSec" : 0.06716075036693467
  },
  "Total" : {
    "transaction" : "Total",
    "sampleCount" : 559,
    "errorCount" : 0,
    "errorPct" : 0.0,
    "meanResTime" : 2304.1932021466887,
    "medianResTime" : 2392.0,
    "minResTime" : 1106.0,
    "maxResTime" : 5551.0,
    "pct1ResTime" : 2916.0,
    "pct2ResTime" : 3234.0,
    "pct3ResTime" : 3912.8,
    "throughput" : 0.43069076172168436,
    "receivedKBytesPerSec" : 0.47332148460222745,
    "sentKBytesPerSec" : 0.06716075036693467
  }
}