{
  "Directors by name" : {
    "transaction" : "Directors by name",
    "sampleCount" : 5373,
    "errorCount" : 1,
    "errorPct" : 0.018611576,
    "meanResTime" : 4172.253117439036,
    "medianResTime" : 3902.0,
    "minResTime" : 745.0,
    "maxResTime" : 12667.0,
    "pct1ResTime" : 6716.0,
    "pct2ResTime" : 6756.0,
    "pct3ResTime" : 6780.0,
    "throughput" : 0.8149899912312356,
    "receivedKBytesPerSec" : 0.923685008131698,
    "sentKBytesPerSec" : 0.12751105139624486
  },
  "Total" : {
    "transaction" : "Total",
    "sampleCount" : 5520,
    "errorCount" : 14,
    "errorPct" : 0.2536232,
    "meanResTime" : 4157.392753623193,
    "medianResTime" : 3890.0,
    "minResTime" : 95.0,
    "maxResTime" : 16209.0,
    "pct1ResTime" : 6718.0,
    "pct2ResTime" : 6758.0,
    "pct3ResTime" : 6789.0,
    "throughput" : 0.837287316507802,
    "receivedKBytesPerSec" : 1.0268264315527478,
    "sentKBytesPerSec" : 0.13088257975389214
  },
  "TitleBasics by primary_title" : {
    "transaction" : "TitleBasics by primary_title",
    "sampleCount" : 59,
    "errorCount" : 1,
    "errorPct" : 1.6949153,
    "meanResTime" : 737.8474576271186,
    "medianResTime" : 676.0,
    "minResTime" : 109.0,
    "maxResTime" : 2436.0,
    "pct1ResTime" : 1385.0,
    "pct2ResTime" : 1731.0,
    "pct3ResTime" : 2436.0,
    "throughput" : 0.5181119648737651,
    "receivedKBytesPerSec" : 2.7053804198682765,
    "sentKBytesPerSec" : 0.0843252607025247
  },
  "Actors by name" : {
    "transaction" : "Actors by name",
    "sampleCount" : 49,
    "errorCount" : 12,
    "errorPct" : 24.489796,
    "meanResTime" : 9767.938775510203,
    "medianResTime" : 10669.0,
    "minResTime" : 666.0,
    "maxResTime" : 16209.0,
    "pct1ResTime" : 15571.0,
    "pct2ResTime" : 15835.5,
    "pct3ResTime" : 16209.0,
    "throughput" : 0.4359818489189429,
    "receivedKBytesPerSec" : 0.5847384108906486,
    "sentKBytesPerSec" : 0.05050076741702998
  },
  "TitleBasics by params" : {
    "transaction" : "TitleBasics by params",
    "sampleCount" : 39,
    "errorCount" : 0,
    "errorPct" : 0.0,
    "meanResTime" : 234.1025641025641,
    "medianResTime" : 159.0,
    "minResTime" : 95.0,
    "maxResTime" : 1717.0,
    "pct1ResTime" : 383.0,
    "pct2ResTime" : 509.0,
    "pct3ResTime" : 1717.0,
    "throughput" : 0.3477857639693948,
    "receivedKBytesPerSec" : 2.7304613651260055,
    "sentKBytesPerSec" : 0.06197023979382546
  }
}