{
  "Directors by name" : {
    "transaction" : "Directors by name",
    "sampleCount" : 1350,
    "errorCount" : 0,
    "errorPct" : 0.0,
    "meanResTime" : 5427.340000000002,
    "medianResTime" : 5540.0,
    "minResTime" : 1186.0,
    "maxResTime" : 7579.0,
    "pct1ResTime" : 6477.0,
    "pct2ResTime" : 6690.9,
    "pct3ResTime" : 6965.37,
    "throughput" : 2.2450160643371713,
    "receivedKBytesPerSec" : 2.547438761470369,
    "sentKBytesPerSec" : 0.35131805568720775
  },
  "Total" : {
    "transaction" : "Total",
    "sampleCount" : 1350,
    "errorCount" : 0,
    "errorPct" : 0.0,
    "meanResTime" : 5427.340000000002,
    "medianResTime" : 5540.0,
    "minResTime" : 1186.0,
    "maxResTime" : 7579.0,
    "pct1ResTime" : 6477.0,
    "pct2ResTime" : 6690.9,
    "pct3ResTime" : 6965.37,
    "throughput" : 2.2450160643371713,
    "receivedKBytesPerSec" : 2.547438761470369,
    "sentKBytesPerSec" : 0.35131805568720775
  }
}