{
  "Directors by name" : {
    "transaction" : "Directors by name",
    "sampleCount" : 46560,
    "errorCount" : 0,
    "errorPct" : 0.0,
    "meanResTime" : 65.86499140893433,
    "medianResTime" : 23.0,
    "minResTime" : 3.0,
    "maxResTime" : 692.0,
    "pct1ResTime" : 189.0,
    "pct2ResTime" : 232.0,
    "pct3ResTime" : 295.0,
    "throughput" : 77.75408267383197,
    "receivedKBytesPerSec" : 91.31252977254091,
    "sentKBytesPerSec" : 11.989548676982386
  },
  "Total" : {
    "transaction" : "Total",
    "sampleCount" : 46560,
    "errorCount" : 0,
    "errorPct" : 0.0,
    "meanResTime" : 65.86499140893433,
    "medianResTime" : 23.0,
    "minResTime" : 3.0,
    "maxResTime" : 692.0,
    "pct1ResTime" : 189.0,
    "pct2ResTime" : 232.0,
    "pct3ResTime" : 295.0,
    "throughput" : 77.75408267383197,
    "receivedKBytesPerSec" : 91.31252977254091,
    "sentKBytesPerSec" : 11.989548676982386
  }
}