{
  "Directors by name" : {
    "transaction" : "Directors by name",
    "sampleCount" : 1465,
    "errorCount" : 0,
    "errorPct" : 0.0,
    "meanResTime" : 14896.54266211604,
    "medianResTime" : 15561.0,
    "minResTime" : 1074.0,
    "maxResTime" : 44400.0,
    "pct1ResTime" : 24441.0,
    "pct2ResTime" : 24578.7,
    "pct3ResTime" : 27204.719999999972,
    "throughput" : 2.366972892101581,
    "receivedKBytesPerSec" : 2.663674433582579,
    "sentKBytesPerSec" : 0.3706868003090798
  },
  "Total" : {
    "transaction" : "Total",
    "sampleCount" : 1465,
    "errorCount" : 0,
    "errorPct" : 0.0,
    "meanResTime" : 14896.54266211604,
    "medianResTime" : 15561.0,
    "minResTime" : 1074.0,
    "maxResTime" : 44400.0,
    "pct1ResTime" : 24441.0,
    "pct2ResTime" : 24578.7,
    "pct3ResTime" : 27204.719999999972,
    "throughput" : 2.366972892101581,
    "receivedKBytesPerSec" : 2.663674433582579,
    "sentKBytesPerSec" : 0.3706868003090798
  }
}