{
  "Directors by name" : {
    "transaction" : "Directors by name",
    "sampleCount" : 44844,
    "errorCount" : 0,
    "errorPct" : 0.0,
    "meanResTime" : 125.8929176701454,
    "medianResTime" : 64.0,
    "minResTime" : 37.0,
    "maxResTime" : 1083.0,
    "pct1ResTime" : 160.0,
    "pct2ResTime" : 205.0,
    "pct3ResTime" : 311.0,
    "throughput" : 74.88177616286836,
    "receivedKBytesPerSec" : 88.54319027619376,
    "sentKBytesPerSec" : 11.690508052015982
  },
  "Total" : {
    "transaction" : "Total",
    "sampleCount" : 44844,
    "errorCount" : 0,
    "errorPct" : 0.0,
    "meanResTime" : 125.8929176701454,
    "medianResTime" : 64.0,
    "minResTime" : 37.0,
    "maxResTime" : 1083.0,
    "pct1ResTime" : 160.0,
    "pct2ResTime" : 205.0,
    "pct3ResTime" : 311.0,
    "throughput" : 74.88177616286836,
    "receivedKBytesPerSec" : 88.54319027619376,
    "sentKBytesPerSec" : 11.690508052015982
  }
}