{
  "Directors by name" : {
    "transaction" : "Directors by name",
    "sampleCount" : 1346,
    "errorCount" : 0,
    "errorPct" : 0.0,
    "meanResTime" : 5468.075780089149,
    "medianResTime" : 5560.5,
    "minResTime" : 1193.0,
    "maxResTime" : 7495.0,
    "pct1ResTime" : 6465.3,
    "pct2ResTime" : 6627.95,
    "pct3ResTime" : 7004.12,
    "throughput" : 2.232024409657734,
    "receivedKBytesPerSec" : 2.5329087829994696,
    "sentKBytesPerSec" : 0.34927364115564474
  },
  "Total" : {
    "transaction" : "Total",
    "sampleCount" : 1346,
    "errorCount" : 0,
    "errorPct" : 0.0,
    "meanResTime" : 5468.075780089149,
    "medianResTime" : 5560.5,
    "minResTime" : 1193.0,
    "maxResTime" : 7495.0,
    "pct1ResTime" : 6465.3,
    "pct2ResTime" : 6627.95,
    "pct3ResTime" : 7004.12,
    "throughput" : 2.232024409657734,
    "receivedKBytesPerSec" : 2.5329087829994696,
    "sentKBytesPerSec" : 0.34927364115564474
  }
}