{
  "Directors by name" : {
    "transaction" : "Directors by name",
    "sampleCount" : 46948,
    "errorCount" : 0,
    "errorPct" : 0.0,
    "meanResTime" : 65.85950413223202,
    "medianResTime" : 48.0,
    "minResTime" : 38.0,
    "maxResTime" : 1341.0,
    "pct1ResTime" : 104.0,
    "pct2ResTime" : 152.0,
    "pct3ResTime" : 234.0,
    "throughput" : 78.40033131604612,
    "receivedKBytesPerSec" : 92.09155902600348,
    "sentKBytesPerSec" : 12.24197930548041
  },
  "Total" : {
    "transaction" : "Total",
    "sampleCount" : 46948,
    "errorCount" : 0,
    "errorPct" : 0.0,
    "meanResTime" : 65.85950413223202,
    "medianResTime" : 48.0,
    "minResTime" : 38.0,
    "maxResTime" : 1341.0,
    "pct1ResTime" : 104.0,
    "pct2ResTime" : 152.0,
    "pct3ResTime" : 234.0,
    "throughput" : 78.40033131604612,
    "receivedKBytesPerSec" : 92.09155902600348,
    "sentKBytesPerSec" : 12.24197930548041
  }
}