{
  "Directors by name" : {
    "transaction" : "Directors by name",
    "sampleCount" : 4345,
    "errorCount" : 0,
    "errorPct" : 0.0,
    "meanResTime" : 4566.919677790564,
    "medianResTime" : 4828.0,
    "minResTime" : 1082.0,
    "maxResTime" : 13713.0,
    "pct1ResTime" : 6709.0,
    "pct2ResTime" : 6738.7,
    "pct3ResTime" : 6787.0,
    "throughput" : 7.17781995813902,
    "receivedKBytesPerSec" : 8.194650897970883,
    "sentKBytesPerSec" : 1.1239961944751435
  },
  "Total" : {
    "transaction" : "Total",
    "sampleCount" : 4345,
    "errorCount" : 0,
    "errorPct" : 0.0,
    "meanResTime" : 4566.919677790564,
    "medianResTime" : 4828.0,
    "minResTime" : 1082.0,
    "maxResTime" : 13713.0,
    "pct1ResTime" : 6709.0,
    "pct2ResTime" : 6738.7,
    "pct3ResTime" : 6787.0,
    "throughput" : 7.17781995813902,
    "receivedKBytesPerSec" : 8.194650897970883,
    "sentKBytesPerSec" : 1.1239961944751435
  }
}