{
  "Directors by name" : {
    "transaction" : "Directors by name",
    "sampleCount" : 4427,
    "errorCount" : 58,
    "errorPct" : 1.3101423,
    "meanResTime" : 4465.846622995257,
    "medianResTime" : 4712.0,
    "minResTime" : 900.0,
    "maxResTime" : 12891.0,
    "pct1ResTime" : 6761.200000000001,
    "pct2ResTime" : 6774.0,
    "pct3ResTime" : 6834.72,
    "throughput" : 7.311626923699448,
    "receivedKBytesPerSec" : 38.17718187011333,
    "sentKBytesPerSec" : 1.1448739438027065
  },
  "Total" : {
    "transaction" : "Total",
    "sampleCount" : 4427,
    "errorCount" : 58,
    "errorPct" : 1.3101423,
    "meanResTime" : 4465.846622995257,
    "medianResTime" : 4712.0,
    "minResTime" : 900.0,
    "maxResTime" : 12891.0,
    "pct1ResTime" : 6761.200000000001,
    "pct2ResTime" : 6774.0,
    "pct3ResTime" : 6834.72,
    "throughput" : 7.311626923699448,
    "receivedKBytesPerSec" : 38.17718187011333,
    "sentKBytesPerSec" : 1.1448739438027065
  }
}