{
  "Directors by name" : {
    "transaction" : "Directors by name",
    "sampleCount" : 25844,
    "errorCount" : 0,
    "errorPct" : 0.0,
    "meanResTime" : 18617.566321002938,
    "medianResTime" : 32715.0,
    "minResTime" : 1082.0,
    "maxResTime" : 48610.0,
    "pct1ResTime" : 40995.0,
    "pct2ResTime" : 41196.95,
    "pct3ResTime" : 42429.990000000005,
    "throughput" : 4.294915301558095,
    "receivedKBytesPerSec" : 4.968890118308764,
    "sentKBytesPerSec" : 0.6719955135343676
  },
  "Total" : {
    "transaction" : "Total",
    "sampleCount" : 25844,
    "errorCount" : 0,
    "errorPct" : 0.0,
    "meanResTime" : 18617.566321002938,
    "medianResTime" : 32715.0,
    "minResTime" : 1082.0,
    "maxResTime" : 48610.0,
    "pct1ResTime" : 40995.0,
    "pct2ResTime" : 41196.95,
    "pct3ResTime" : 42429.990000000005,
    "throughput" : 4.294915301558095,
    "receivedKBytesPerSec" : 4.968890118308764,
    "sentKBytesPerSec" : 0.6719955135343676
  }
}