{
  "Directors by name" : {
    "transaction" : "Directors by name",
    "sampleCount" : 46,
    "errorCount" : 1,
    "errorPct" : 2.173913,
    "meanResTime" : 2440.5,
    "medianResTime" : 2219.0,
    "minResTime" : 745.0,
    "maxResTime" : 4966.0,
    "pct1ResTime" : 4472.3,
    "pct2ResTime" : 4858.45,
    "pct3ResTime" : 4966.0,
    "throughput" : 0.4005119587646818,
    "receivedKBytesPerSec" : 0.45457223037273736,
    "sentKBytesPerSec" : 0.061032499151088784
  },
  "Total" : {
    "transaction" : "Total",
    "sampleCount" : 1207,
    "errorCount" : 14,
    "errorPct" : 1.1599005,
    "meanResTime" : 21566.887323943658,
    "medianResTime" : 19266.0,
    "minResTime" : 95.0,
    "maxResTime" : 71489.0,
    "pct1ResTime" : 43809.4,
    "pct2ResTime" : 44447.6,
    "pct3ResTime" : 46448.04000000001,
    "throughput" : 0.1682394804675636,
    "receivedKBytesPerSec" : 0.28957023811880106,
    "sentKBytesPerSec" : 0.025660043546775386
  },
  "TitleBasics by primary_title" : {
    "transaction" : "TitleBasics by primary_title",
    "sampleCount" : 59,
    "errorCount" : 1,
    "errorPct" : 1.6949153,
    "meanResTime" : 737.8474576271186,
    "medianResTime" : 676.0,
    "minResTime" : 109.0,
    "maxResTime" : 2436.0,
    "pct1ResTime" : 1385.0,
    "pct2ResTime" : 1731.0,
    "pct3ResTime" : 2436.0,
    "throughput" : 0.5181119648737651,
    "receivedKBytesPerSec" : 2.7053804198682765,
    "sentKBytesPerSec" : 0.0843252607025247
  },
  "Actors by name" : {
    "transaction" : "Actors by name",
    "sampleCount" : 1063,
    "errorCount" : 12,
    "errorPct" : 1.1288805,
    "meanResTime" : 24333.30856067732,
    "medianResTime" : 21070.0,
    "minResTime" : 666.0,
    "maxResTime" : 71489.0,
    "pct1ResTime" : 43834.0,
    "pct2ResTime" : 44451.8,
    "pct3ResTime" : 47116.399999999965,
    "throughput" : 0.14816782745403487,
    "receivedKBytesPerSec" : 0.19667296104064275,
    "sentKBytesPerSec" : 0.022375885748805772
  },
  "TitleBasics by params" : {
    "transaction" : "TitleBasics by params",
    "sampleCount" : 39,
    "errorCount" : 0,
    "errorPct" : 0.0,
    "meanResTime" : 234.1025641025641,
    "medianResTime" : 159.0,
    "minResTime" : 95.0,
    "maxResTime" : 1717.0,
    "pct1ResTime" : 383.0,
    "pct2ResTime" : 509.0,
    "pct3ResTime" : 1717.0,
    "throughput" : 0.3477857639693948,
    "receivedKBytesPerSec" : 2.7304613651260055,
    "sentKBytesPerSec" : 0.06197023979382546
  }
}