{
  "Total" : {
    "transaction" : "Total",
    "sampleCount" : 256,
    "errorCount" : 0,
    "errorPct" : 0.0,
    "meanResTime" : 88714.89843750001,
    "medianResTime" : 87905.5,
    "minResTime" : 5527.0,
    "maxResTime" : 193400.0,
    "pct1ResTime" : 166929.2,
    "pct2ResTime" : 169996.6,
    "pct3ResTime" : 185313.25,
    "throughput" : 0.39133917488580844,
    "receivedKBytesPerSec" : 0.5143029524133093,
    "sentKBytesPerSec" : 0.05990320995576033
  },
  "Actors by name" : {
    "transaction" : "Actors by name",
    "sampleCount" : 256,
    "errorCount" : 0,
    "errorPct" : 0.0,
    "meanResTime" : 88714.89843750001,
    "medianResTime" : 87905.5,
    "minResTime" : 5527.0,
    "maxResTime" : 193400.0,
    "pct1ResTime" : 166929.2,
    "pct2ResTime" : 169996.6,
    "pct3ResTime" : 185313.25,
    "throughput" : 0.39133917488580844,
    "receivedKBytesPerSec" : 0.5143029524133093,
    "sentKBytesPerSec" : 0.05990320995576033
  }
}