{
  "Total" : {
    "transaction" : "Total",
    "sampleCount" : 47050,
    "errorCount" : 0,
    "errorPct" : 0.0,
    "meanResTime" : 63.19060573857562,
    "medianResTime" : 48.0,
    "minResTime" : 37.0,
    "maxResTime" : 722.0,
    "pct1ResTime" : 104.0,
    "pct2ResTime" : 136.0,
    "pct3ResTime" : 203.0,
    "throughput" : 78.57145242794974,
    "receivedKBytesPerSec" : 103.64532712777505,
    "sentKBytesPerSec" : 12.039512109689422
  },
  "Actors by name" : {
    "transaction" : "Actors by name",
    "sampleCount" : 47050,
    "errorCount" : 0,
    "errorPct" : 0.0,
    "meanResTime" : 63.19060573857562,
    "medianResTime" : 48.0,
    "minResTime" : 37.0,
    "maxResTime" : 722.0,
    "pct1ResTime" : 104.0,
    "pct2ResTime" : 136.0,
    "pct3ResTime" : 203.0,
    "throughput" : 78.57145242794974,
    "receivedKBytesPerSec" : 103.64532712777505,
    "sentKBytesPerSec" : 12.039512109689422
  }
}