{
  "Total" : {
    "transaction" : "Total",
    "sampleCount" : 235,
    "errorCount" : 0,
    "errorPct" : 0.0,
    "meanResTime" : 37189.53617021277,
    "medianResTime" : 38269.0,
    "minResTime" : 10858.0,
    "maxResTime" : 40585.0,
    "pct1ResTime" : 39444.2,
    "pct2ResTime" : 39762.2,
    "pct3ResTime" : 40298.72,
    "throughput" : 0.38544494288033987,
    "receivedKBytesPerSec" : 0.5127279481412533,
    "sentKBytesPerSec" : 0.05861601431476911
  },
  "Actors by name" : {
    "transaction" : "Actors by name",
    "sampleCount" : 235,
    "errorCount" : 0,
    "errorPct" : 0.0,
    "meanResTime" : 37189.53617021277,
    "medianResTime" : 38269.0,
    "minResTime" : 10858.0,
    "maxResTime" : 40585.0,
    "pct1ResTime" : 39444.2,
    "pct2ResTime" : 39762.2,
    "pct3ResTime" : 40298.72,
    "throughput" : 0.38544494288033987,
    "receivedKBytesPerSec" : 0.5127279481412533,
    "sentKBytesPerSec" : 0.05861601431476911
  }
}