{
  "Total" : {
    "transaction" : "Total",
    "sampleCount" : 779,
    "errorCount" : 0,
    "errorPct" : 0.0,
    "meanResTime" : 28374.327342747114,
    "medianResTime" : 28670.0,
    "minResTime" : 5396.0,
    "maxResTime" : 81277.0,
    "pct1ResTime" : 45878.0,
    "pct2ResTime" : 48303.0,
    "pct3ResTime" : 51626.00000000012,
    "throughput" : 1.258036332864463,
    "receivedKBytesPerSec" : 1.727503718393654,
    "sentKBytesPerSec" : 0.1912202735421555
  },
  "Actors by name" : {
    "transaction" : "Actors by name",
    "sampleCount" : 779,
    "errorCount" : 0,
    "errorPct" : 0.0,
    "meanResTime" : 28374.327342747114,
    "medianResTime" : 28670.0,
    "minResTime" : 5396.0,
    "maxResTime" : 81277.0,
    "pct1ResTime" : 45878.0,
    "pct2ResTime" : 48303.0,
    "pct3ResTime" : 51626.00000000012,
    "throughput" : 1.258036332864463,
    "receivedKBytesPerSec" : 1.727503718393654,
    "sentKBytesPerSec" : 0.1912202735421555
  }
}