{
  "Total" : {
    "transaction" : "Total",
    "sampleCount" : 870,
    "errorCount" : 84,
    "errorPct" : 9.655172,
    "meanResTime" : 25401.09655172412,
    "medianResTime" : 26835.5,
    "minResTime" : 1060.0,
    "maxResTime" : 64915.0,
    "pct1ResTime" : 42197.8,
    "pct2ResTime" : 44298.69999999996,
    "pct3ResTime" : 50084.19999999999,
    "throughput" : 1.3869758187940007,
    "receivedKBytesPerSec" : 43.596624026625946,
    "sentKBytesPerSec" : 0.2107646511277548
  },
  "Actors by name" : {
    "transaction" : "Actors by name",
    "sampleCount" : 870,
    "errorCount" : 84,
    "errorPct" : 9.655172,
    "meanResTime" : 25401.09655172412,
    "medianResTime" : 26835.5,
    "minResTime" : 1060.0,
    "maxResTime" : 64915.0,
    "pct1ResTime" : 42197.8,
    "pct2ResTime" : 44298.69999999996,
    "pct3ResTime" : 50084.19999999999,
    "throughput" : 1.3869758187940007,
    "receivedKBytesPerSec" : 43.596624026625946,
    "sentKBytesPerSec" : 0.2107646511277548
  }
}