{
  "Total" : {
    "transaction" : "Total",
    "sampleCount" : 46841,
    "errorCount" : 0,
    "errorPct" : 0.0,
    "meanResTime" : 69.4345765461881,
    "medianResTime" : 55.0,
    "minResTime" : 37.0,
    "maxResTime" : 3017.0,
    "pct1ResTime" : 83.0,
    "pct2ResTime" : 102.0,
    "pct3ResTime" : 192.9900000000016,
    "throughput" : 78.2175985839644,
    "receivedKBytesPerSec" : 103.84185302055589,
    "sentKBytesPerSec" : 11.985120954780372
  },
  "Actors by name" : {
    "transaction" : "Actors by name",
    "sampleCount" : 46841,
    "errorCount" : 0,
    "errorPct" : 0.0,
    "meanResTime" : 69.4345765461881,
    "medianResTime" : 55.0,
    "minResTime" : 37.0,
    "maxResTime" : 3017.0,
    "pct1ResTime" : 83.0,
    "pct2ResTime" : 102.0,
    "pct3ResTime" : 192.9900000000016,
    "throughput" : 78.2175985839644,
    "receivedKBytesPerSec" : 103.84185302055589,
    "sentKBytesPerSec" : 11.985120954780372
  }
}