{
  "Total" : {
    "transaction" : "Total",
    "sampleCount" : 234,
    "errorCount" : 0,
    "errorPct" : 0.0,
    "meanResTime" : 37449.410256410265,
    "medianResTime" : 38508.0,
    "minResTime" : 12112.0,
    "maxResTime" : 40983.0,
    "pct1ResTime" : 39814.0,
    "pct2ResTime" : 40133.5,
    "pct3ResTime" : 40582.0,
    "throughput" : 0.38281770188316866,
    "receivedKBytesPerSec" : 0.5092285752964792,
    "sentKBytesPerSec" : 0.05821923358341909
  },
  "Actors by name" : {
    "transaction" : "Actors by name",
    "sampleCount" : 234,
    "errorCount" : 0,
    "errorPct" : 0.0,
    "meanResTime" : 37449.410256410265,
    "medianResTime" : 38508.0,
    "minResTime" : 12112.0,
    "maxResTime" : 40983.0,
    "pct1ResTime" : 39814.0,
    "pct2ResTime" : 40133.5,
    "pct3ResTime" : 40582.0,
    "throughput" : 0.38281770188316866,
    "receivedKBytesPerSec" : 0.5092285752964792,
    "sentKBytesPerSec" : 0.05821923358341909
  }
}