{
  "Total" : {
    "transaction" : "Total",
    "sampleCount" : 46099,
    "errorCount" : 0,
    "errorPct" : 0.0,
    "meanResTime" : 78.52508731208893,
    "medianResTime" : 55.0,
    "minResTime" : 3.0,
    "maxResTime" : 888.0,
    "pct1ResTime" : 239.0,
    "pct2ResTime" : 278.9500000000007,
    "pct3ResTime" : 334.0,
    "throughput" : 76.99566743831026,
    "receivedKBytesPerSec" : 101.50060383825883,
    "sentKBytesPerSec" : 11.64668080250517
  },
  "Actors by name" : {
    "transaction" : "Actors by name",
    "sampleCount" : 46099,
    "errorCount" : 0,
    "errorPct" : 0.0,
    "meanResTime" : 78.52508731208893,
    "medianResTime" : 55.0,
    "minResTime" : 3.0,
    "maxResTime" : 888.0,
    "pct1ResTime" : 239.0,
    "pct2ResTime" : 278.9500000000007,
    "pct3ResTime" : 334.0,
    "throughput" : 76.99566743831026,
    "receivedKBytesPerSec" : 101.50060383825883,
    "sentKBytesPerSec" : 11.64668080250517
  }
}